100001;Heures BAL;32.40;31.08.2024;31.08.2024
100001;Heures SUP;-10.57;31.08.2024;31.08.2024
100001;Pont;21.20;31.08.2024;31.08.2024
100001;Unité Piquet;50.00;31.08.2024;31.08.2024
100001;Vacances;7.00;31.08.2024;31.08.2024
103002;Heures BAL;192.48;31.08.2024;31.08.2024
103002;Heures SUP;41.08;31.08.2024;31.08.2024
103002;Pont;21.40;31.08.2024;31.08.2024
103002;Unité Piquet;00.00;31.08.2024;31.08.2024
103002;Vacances;14.00;31.08.2024;31.08.2024
103003;Heures BAL;-00.13;31.08.2024;31.08.2024
103003;Heures SUP;00.20;31.08.2024;31.08.2024
103003;Pont;19.80;31.08.2024;31.08.2024
103003;Unité Piquet;00.00;31.08.2024;31.08.2024
103003;Vacances;9.50;31.08.2024;31.08.2024
107001;Heures BAL;58.70;31.08.2024;31.08.2024
107001;Heures SUP;14.28;31.08.2024;31.08.2024
107001;Pont;16.43;31.08.2024;31.08.2024
107001;Unité Piquet;00.00;31.08.2024;31.08.2024
107001;Vacances;6.50;31.08.2024;31.08.2024
107004;Heures BAL;00.02;31.08.2024;31.08.2024
107004;Heures SUP;00.00;31.08.2024;31.08.2024
107004;Pont;20.00;31.08.2024;31.08.2024
107004;Unité Piquet;00.00;31.08.2024;31.08.2024
107004;Vacances;8.00;31.08.2024;31.08.2024
108004;Heures BAL;-09.85;31.08.2024;31.08.2024
108004;Heures SUP;02.12;31.08.2024;31.08.2024
108004;Pont;19.57;31.08.2024;31.08.2024
108004;Unité Piquet;00.00;31.08.2024;31.08.2024
108004;Vacances;6.00;31.08.2024;31.08.2024
114002;Heures BAL;41.37;31.08.2024;31.08.2024
114002;Heures SUP;-10.95;31.08.2024;31.08.2024
114002;Pont;22.00;31.08.2024;31.08.2024
114002;Unité Piquet;00.00;31.08.2024;31.08.2024
114002;Vacances;10.00;31.08.2024;31.08.2024
116005;Heures BAL;83.42;31.08.2024;31.08.2024
116005;Heures SUP;09.48;31.08.2024;31.08.2024
116005;Pont;19.60;31.08.2024;31.08.2024
116005;Unité Piquet;00.00;31.08.2024;31.08.2024
116005;Vacances;6.50;31.08.2024;31.08.2024
117002;Heures BAL;00.00;31.08.2024;31.08.2024
117002;Heures SUP;00.00;31.08.2024;31.08.2024
117002;Pont;00.00;31.08.2024;31.08.2024
117002;Unité Piquet;00.00;31.08.2024;31.08.2024
117002;Vacances;0.00;31.08.2024;31.08.2024
118001;Heures BAL;11.78;31.08.2024;31.08.2024
118001;Heures SUP;63.75;31.08.2024;31.08.2024
118001;Pont;20.20;31.08.2024;31.08.2024
118001;Unité Piquet;00.00;31.08.2024;31.08.2024
118001;Vacances;10.00;31.08.2024;31.08.2024
118006;Heures BAL;08.62;31.08.2024;31.08.2024
118006;Heures SUP;12.40;31.08.2024;31.08.2024
118006;Pont;19.00;31.08.2024;31.08.2024
118006;Unité Piquet;00.00;31.08.2024;31.08.2024
118006;Vacances;0.00;31.08.2024;31.08.2024
122001;Heures BAL;00.00;31.08.2024;31.08.2024
122001;Heures SUP;00.00;31.08.2024;31.08.2024
122001;Pont;00.00;31.08.2024;31.08.2024
122001;Unité Piquet;00.00;31.08.2024;31.08.2024
122001;Vacances;21.50;31.08.2024;31.08.2024
122002;Heures BAL;188.28;31.08.2024;31.08.2024
122002;Heures SUP;50.70;31.08.2024;31.08.2024
122002;Pont;19.23;31.08.2024;31.08.2024
122002;Unité Piquet;00.00;31.08.2024;31.08.2024
122002;Vacances;16.00;31.08.2024;31.08.2024
123002;Heures BAL;93.58;31.08.2024;31.08.2024
123002;Heures SUP;54.22;31.08.2024;31.08.2024
123002;Pont;18.80;31.08.2024;31.08.2024
123002;Unité Piquet;00.00;31.08.2024;31.08.2024
123002;Vacances;11.00;31.08.2024;31.08.2024
123003;Heures BAL;01.37;31.08.2024;31.08.2024
123003;Heures SUP;01.60;31.08.2024;31.08.2024
123003;Pont;20.20;31.08.2024;31.08.2024
123003;Unité Piquet;00.00;31.08.2024;31.08.2024
123003;Vacances;3.00;31.08.2024;31.08.2024
129001;Heures BAL;141.27;31.08.2024;31.08.2024
129001;Heures SUP;43.92;31.08.2024;31.08.2024
129001;Pont;23.60;31.08.2024;31.08.2024
129001;Unité Piquet;00.00;31.08.2024;31.08.2024
129001;Vacances;29.50;31.08.2024;31.08.2024
129002;Heures BAL;14.68;31.08.2024;31.08.2024
129002;Heures SUP;10.15;31.08.2024;31.08.2024
129002;Pont;21.20;31.08.2024;31.08.2024
129002;Unité Piquet;00.00;31.08.2024;31.08.2024
129002;Vacances;20.50;31.08.2024;31.08.2024
132001;Heures BAL;120.98;31.08.2024;31.08.2024
132001;Heures SUP;20.92;31.08.2024;31.08.2024
132001;Pont;18.93;31.08.2024;31.08.2024
132001;Unité Piquet;00.00;31.08.2024;31.08.2024
132001;Vacances;23.00;31.08.2024;31.08.2024
135001;Heures BAL;95.63;31.08.2024;31.08.2024
135001;Heures SUP;16.58;31.08.2024;31.08.2024
135001;Pont;20.40;31.08.2024;31.08.2024
135001;Unité Piquet;50.00;31.08.2024;31.08.2024
135001;Vacances;6.00;31.08.2024;31.08.2024
135003;Heures BAL;11.30;31.08.2024;31.08.2024
135003;Heures SUP;01.25;31.08.2024;31.08.2024
135003;Pont;21.20;31.08.2024;31.08.2024
135003;Unité Piquet;00.00;31.08.2024;31.08.2024
135003;Vacances;13.00;31.08.2024;31.08.2024
138003;Heures BAL;-02.77;31.08.2024;31.08.2024
138003;Heures SUP;00.10;31.08.2024;31.08.2024
138003;Pont;21.20;31.08.2024;31.08.2024
138003;Unité Piquet;00.00;31.08.2024;31.08.2024
138003;Vacances;6.00;31.08.2024;31.08.2024
138005;Heures BAL;22.32;31.08.2024;31.08.2024
138005;Heures SUP;04.10;31.08.2024;31.08.2024
138005;Pont;23.40;31.08.2024;31.08.2024
138005;Unité Piquet;00.00;31.08.2024;31.08.2024
138005;Vacances;16.00;31.08.2024;31.08.2024
140002;Heures BAL;00.00;31.08.2024;31.08.2024
140002;Heures SUP;00.00;31.08.2024;31.08.2024
140002;Pont;00.00;31.08.2024;31.08.2024
140002;Unité Piquet;00.00;31.08.2024;31.08.2024
140002;Vacances;20.50;31.08.2024;31.08.2024
147001;Heures BAL;46.65;31.08.2024;31.08.2024
147001;Heures SUP;07.27;31.08.2024;31.08.2024
147001;Pont;20.60;31.08.2024;31.08.2024
147001;Unité Piquet;00.00;31.08.2024;31.08.2024
147001;Vacances;9.00;31.08.2024;31.08.2024
147002;Heures BAL;27.25;31.08.2024;31.08.2024
147002;Heures SUP;02.80;31.08.2024;31.08.2024
147002;Pont;20.40;31.08.2024;31.08.2024
147002;Unité Piquet;00.00;31.08.2024;31.08.2024
147002;Vacances;8.00;31.08.2024;31.08.2024
150002;Heures BAL;24.83;31.08.2024;31.08.2024
150002;Heures SUP;00.00;31.08.2024;31.08.2024
150002;Pont;18.28;31.08.2024;31.08.2024
150002;Unité Piquet;00.00;31.08.2024;31.08.2024
150002;Vacances;13.00;31.08.2024;31.08.2024
150004;Heures BAL;179.07;31.08.2024;31.08.2024
150004;Heures SUP;47.80;31.08.2024;31.08.2024
150004;Pont;22.00;31.08.2024;31.08.2024
150004;Unité Piquet;00.00;31.08.2024;31.08.2024
150004;Vacances;22.50;31.08.2024;31.08.2024
153005;Heures BAL;13.73;31.08.2024;31.08.2024
153005;Heures SUP;00.00;31.08.2024;31.08.2024
153005;Pont;12.60;31.08.2024;31.08.2024
153005;Unité Piquet;00.00;31.08.2024;31.08.2024
153005;Vacances;14.00;31.08.2024;31.08.2024
154001;Heures BAL;83.58;31.08.2024;31.08.2024
154001;Heures SUP;04.68;31.08.2024;31.08.2024
154001;Pont;21.40;31.08.2024;31.08.2024
154001;Unité Piquet;00.00;31.08.2024;31.08.2024
154001;Vacances;12.00;31.08.2024;31.08.2024
154002;Heures BAL;25.98;31.08.2024;31.08.2024
154002;Heures SUP;12.83;31.08.2024;31.08.2024
154002;Pont;21.80;31.08.2024;31.08.2024
154002;Unité Piquet;00.00;31.08.2024;31.08.2024
154002;Vacances;14.50;31.08.2024;31.08.2024
158002;Heures BAL;00.00;31.08.2024;31.08.2024
158002;Heures SUP;00.00;31.08.2024;31.08.2024
158002;Pont;00.00;31.08.2024;31.08.2024
158002;Unité Piquet;00.00;31.08.2024;31.08.2024
158002;Vacances;8.00;31.08.2024;31.08.2024
160001;Heures BAL;25.48;31.08.2024;31.08.2024
160001;Heures SUP;50.00;31.08.2024;31.08.2024
160001;Pont;14.80;31.08.2024;31.08.2024
160001;Unité Piquet;00.00;31.08.2024;31.08.2024
160001;Vacances;15.00;31.08.2024;31.08.2024
161002;Heures BAL;42.30;31.08.2024;31.08.2024
161002;Heures SUP;53.62;31.08.2024;31.08.2024
161002;Pont;19.40;31.08.2024;31.08.2024
161002;Unité Piquet;00.00;31.08.2024;31.08.2024
161002;Vacances;19.00;31.08.2024;31.08.2024
161003;Heures BAL;13.97;31.08.2024;31.08.2024
161003;Heures SUP;15.80;31.08.2024;31.08.2024
161003;Pont;20.67;31.08.2024;31.08.2024
161003;Unité Piquet;00.00;31.08.2024;31.08.2024
161003;Vacances;11.00;31.08.2024;31.08.2024
161004;Heures BAL;48.38;31.08.2024;31.08.2024
161004;Heures SUP;28.33;31.08.2024;31.08.2024
161004;Pont;19.00;31.08.2024;31.08.2024
161004;Unité Piquet;50.00;31.08.2024;31.08.2024
161004;Vacances;0.00;31.08.2024;31.08.2024
162001;Heures BAL;118.60;31.08.2024;31.08.2024
162001;Heures SUP;06.18;31.08.2024;31.08.2024
162001;Pont;20.60;31.08.2024;31.08.2024
162001;Unité Piquet;00.00;31.08.2024;31.08.2024
162001;Vacances;4.00;31.08.2024;31.08.2024
162004;Heures BAL;-00.12;31.08.2024;31.08.2024
162004;Heures SUP;00.00;31.08.2024;31.08.2024
162004;Pont;20.60;31.08.2024;31.08.2024
162004;Unité Piquet;00.00;31.08.2024;31.08.2024
162004;Vacances;2.50;31.08.2024;31.08.2024
163001;Heures BAL;32.08;31.08.2024;31.08.2024
163001;Heures SUP;05.02;31.08.2024;31.08.2024
163001;Pont;20.80;31.08.2024;31.08.2024
163001;Unité Piquet;50.00;31.08.2024;31.08.2024
163001;Vacances;10.00;31.08.2024;31.08.2024
165003;Heures BAL;-00.50;31.08.2024;31.08.2024
165003;Heures SUP;00.00;31.08.2024;31.08.2024
165003;Pont;19.80;31.08.2024;31.08.2024
165003;Unité Piquet;00.00;31.08.2024;31.08.2024
165003;Vacances;10.50;31.08.2024;31.08.2024
167001;Heures BAL;71.57;31.08.2024;31.08.2024
167001;Heures SUP;64.92;31.08.2024;31.08.2024
167001;Pont;20.60;31.08.2024;31.08.2024
167001;Unité Piquet;00.00;31.08.2024;31.08.2024
167001;Vacances;17.00;31.08.2024;31.08.2024
167002;Heures BAL;00.00;31.08.2024;31.08.2024
167002;Heures SUP;00.00;31.08.2024;31.08.2024
167002;Pont;00.00;31.08.2024;31.08.2024
167002;Unité Piquet;00.00;31.08.2024;31.08.2024
167002;Vacances;19.00;31.08.2024;31.08.2024
171002;Heures BAL;06.08;31.08.2024;31.08.2024
171002;Heures SUP;01.92;31.08.2024;31.08.2024
171002;Pont;21.60;31.08.2024;31.08.2024
171002;Unité Piquet;00.00;31.08.2024;31.08.2024
171002;Vacances;16.00;31.08.2024;31.08.2024
182001;Heures BAL;93.32;31.08.2024;31.08.2024
182001;Heures SUP;01.08;31.08.2024;31.08.2024
182001;Pont;15.02;31.08.2024;31.08.2024
182001;Unité Piquet;00.00;31.08.2024;31.08.2024
182001;Vacances;5.00;31.08.2024;31.08.2024
183001;Heures BAL;18.83;31.08.2024;31.08.2024
183001;Heures SUP;00.00;31.08.2024;31.08.2024
183001;Pont;14.13;31.08.2024;31.08.2024
183001;Unité Piquet;00.00;31.08.2024;31.08.2024
183001;Vacances;10.00;31.08.2024;31.08.2024
183004;Heures BAL;28.63;31.08.2024;31.08.2024
183004;Heures SUP;05.33;31.08.2024;31.08.2024
183004;Pont;07.83;31.08.2024;31.08.2024
183004;Unité Piquet;00.00;31.08.2024;31.08.2024
183004;Vacances;16.00;31.08.2024;31.08.2024
187001;Heures BAL;35.30;31.08.2024;31.08.2024
187001;Heures SUP;03.72;31.08.2024;31.08.2024
187001;Pont;20.80;31.08.2024;31.08.2024
187001;Unité Piquet;00.00;31.08.2024;31.08.2024
187001;Vacances;9.50;31.08.2024;31.08.2024
194001;Heures BAL;01.63;31.08.2024;31.08.2024
194001;Heures SUP;08.87;31.08.2024;31.08.2024
194001;Pont;19.13;31.08.2024;31.08.2024
194001;Unité Piquet;00.00;31.08.2024;31.08.2024
194001;Vacances;7.00;31.08.2024;31.08.2024
195001;Heures BAL;05.85;31.08.2024;31.08.2024
195001;Heures SUP;00.42;31.08.2024;31.08.2024
195001;Pont;19.00;31.08.2024;31.08.2024
195001;Unité Piquet;00.00;31.08.2024;31.08.2024
195001;Vacances;0.00;31.08.2024;31.08.2024
198001;Heures BAL;67.07;31.08.2024;31.08.2024
198001;Heures SUP;72.63;31.08.2024;31.08.2024
198001;Pont;19.20;31.08.2024;31.08.2024
198001;Unité Piquet;00.00;31.08.2024;31.08.2024
198001;Vacances;8.50;31.08.2024;31.08.2024
198003;Heures BAL;-01.17;31.08.2024;31.08.2024
198003;Heures SUP;01.37;31.08.2024;31.08.2024
198003;Pont;16.43;31.08.2024;31.08.2024
198003;Unité Piquet;00.00;31.08.2024;31.08.2024
198003;Vacances;6.00;31.08.2024;31.08.2024
198004;Heures BAL;00.00;31.08.2024;31.08.2024
198004;Heures SUP;00.00;31.08.2024;31.08.2024
198004;Pont;00.00;31.08.2024;31.08.2024
198004;Unité Piquet;00.00;31.08.2024;31.08.2024
198004;Vacances;18.00;31.08.2024;31.08.2024
198005;Heures BAL;00.98;31.08.2024;31.08.2024
198005;Heures SUP;00.00;31.08.2024;31.08.2024
198005;Pont;04.00;31.08.2024;31.08.2024
198005;Unité Piquet;00.00;31.08.2024;31.08.2024
198005;Vacances;11.50;31.08.2024;31.08.2024
199001;Heures BAL;00.00;31.08.2024;31.08.2024
199001;Heures SUP;00.00;31.08.2024;31.08.2024
199001;Pont;00.00;31.08.2024;31.08.2024
199001;Unité Piquet;00.00;31.08.2024;31.08.2024
199001;Vacances;46.00;31.08.2024;31.08.2024
203001;Heures BAL;39.37;31.08.2024;31.08.2024
203001;Heures SUP;45.68;31.08.2024;31.08.2024
203001;Pont;20.00;31.08.2024;31.08.2024
203001;Unité Piquet;00.00;31.08.2024;31.08.2024
203001;Vacances;10.00;31.08.2024;31.08.2024
208001;Heures BAL;00.00;31.08.2024;31.08.2024
208001;Heures SUP;00.00;31.08.2024;31.08.2024
208001;Pont;00.00;31.08.2024;31.08.2024
208001;Unité Piquet;00.00;31.08.2024;31.08.2024
208001;Vacances;0.00;31.08.2024;31.08.2024
211001;Heures BAL;76.72;31.08.2024;31.08.2024
211001;Heures SUP;37.92;31.08.2024;31.08.2024
211001;Pont;18.27;31.08.2024;31.08.2024
211001;Unité Piquet;00.00;31.08.2024;31.08.2024
211001;Vacances;35.00;31.08.2024;31.08.2024
219001;Heures BAL;56.60;31.08.2024;31.08.2024
219001;Heures SUP;00.00;31.08.2024;31.08.2024
219001;Pont;17.60;31.08.2024;31.08.2024
219001;Unité Piquet;00.00;31.08.2024;31.08.2024
219001;Vacances;5.00;31.08.2024;31.08.2024
219002;Heures BAL;56.73;31.08.2024;31.08.2024
219002;Heures SUP;04.98;31.08.2024;31.08.2024
219002;Pont;12.78;31.08.2024;31.08.2024
219002;Unité Piquet;00.00;31.08.2024;31.08.2024
219002;Vacances;7.00;31.08.2024;31.08.2024
231001;Heures BAL;63.88;31.08.2024;31.08.2024
231001;Heures SUP;14.35;31.08.2024;31.08.2024
231001;Pont;20.60;31.08.2024;31.08.2024
231001;Unité Piquet;00.00;31.08.2024;31.08.2024
231001;Vacances;3.00;31.08.2024;31.08.2024
234002;Heures BAL;72.37;31.08.2024;31.08.2024
234002;Heures SUP;01.72;31.08.2024;31.08.2024
234002;Pont;21.60;31.08.2024;31.08.2024
234002;Unité Piquet;00.00;31.08.2024;31.08.2024
234002;Vacances;11.00;31.08.2024;31.08.2024
239001;Heures BAL;01.72;31.08.2024;31.08.2024
239001;Heures SUP;00.93;31.08.2024;31.08.2024
239001;Pont;28.80;31.08.2024;31.08.2024
239001;Unité Piquet;00.00;31.08.2024;31.08.2024
239001;Vacances;9.00;31.08.2024;31.08.2024
250001;Heures BAL;00.00;31.08.2024;31.08.2024
250001;Heures SUP;00.00;31.08.2024;31.08.2024
250001;Pont;00.00;31.08.2024;31.08.2024
250001;Unité Piquet;00.00;31.08.2024;31.08.2024
250001;Vacances;0.00;31.08.2024;31.08.2024
251001;Heures BAL;66.38;31.08.2024;31.08.2024
251001;Heures SUP;49.87;31.08.2024;31.08.2024
251001;Pont;21.40;31.08.2024;31.08.2024
251001;Unité Piquet;00.00;31.08.2024;31.08.2024
251001;Vacances;21.50;31.08.2024;31.08.2024
251006;Heures BAL;-05.83;31.08.2024;31.08.2024
251006;Heures SUP;41.25;31.08.2024;31.08.2024
251006;Pont;23.20;31.08.2024;31.08.2024
251006;Unité Piquet;00.00;31.08.2024;31.08.2024
251006;Vacances;20.00;31.08.2024;31.08.2024
252001;Heures BAL;45.87;31.08.2024;31.08.2024
252001;Heures SUP;00.00;31.08.2024;31.08.2024
252001;Pont;22.40;31.08.2024;31.08.2024
252001;Unité Piquet;00.00;31.08.2024;31.08.2024
252001;Vacances;21.50;31.08.2024;31.08.2024
253001;Heures BAL;166.38;31.08.2024;31.08.2024
253001;Heures SUP;48.28;31.08.2024;31.08.2024
253001;Pont;21.20;31.08.2024;31.08.2024
253001;Unité Piquet;00.00;31.08.2024;31.08.2024
253001;Vacances;11.00;31.08.2024;31.08.2024
253004;Heures BAL;48.90;31.08.2024;31.08.2024
253004;Heures SUP;00.10;31.08.2024;31.08.2024
253004;Pont;20.60;31.08.2024;31.08.2024
253004;Unité Piquet;47.50;31.08.2024;31.08.2024
253004;Vacances;11.00;31.08.2024;31.08.2024
254002;Heures BAL;133.32;31.08.2024;31.08.2024
254002;Heures SUP;58.58;31.08.2024;31.08.2024
254002;Pont;22.60;31.08.2024;31.08.2024
254002;Unité Piquet;00.00;31.08.2024;31.08.2024
254002;Vacances;24.00;31.08.2024;31.08.2024
254004;Heures BAL;02.33;31.08.2024;31.08.2024
254004;Heures SUP;20.30;31.08.2024;31.08.2024
254004;Pont;17.27;31.08.2024;31.08.2024
254004;Unité Piquet;00.00;31.08.2024;31.08.2024
254004;Vacances;10.00;31.08.2024;31.08.2024
254009;Heures BAL;48.70;31.08.2024;31.08.2024
254009;Heures SUP;70.63;31.08.2024;31.08.2024
254009;Pont;22.20;31.08.2024;31.08.2024
254009;Unité Piquet;00.00;31.08.2024;31.08.2024
254009;Vacances;12.00;31.08.2024;31.08.2024
254010;Heures BAL;07.57;31.08.2024;31.08.2024
254010;Heures SUP;00.57;31.08.2024;31.08.2024
254010;Pont;21.40;31.08.2024;31.08.2024
254010;Unité Piquet;00.00;31.08.2024;31.08.2024
254010;Vacances;5.50;31.08.2024;31.08.2024
255002;Heures BAL;20.90;31.08.2024;31.08.2024
255002;Heures SUP;56.63;31.08.2024;31.08.2024
255002;Pont;24.80;31.08.2024;31.08.2024
255002;Unité Piquet;00.00;31.08.2024;31.08.2024
255002;Vacances;35.50;31.08.2024;31.08.2024
256003;Heures BAL;146.53;31.08.2024;31.08.2024
256003;Heures SUP;38.87;31.08.2024;31.08.2024
256003;Pont;22.60;31.08.2024;31.08.2024
256003;Unité Piquet;50.00;31.08.2024;31.08.2024
256003;Vacances;17.00;31.08.2024;31.08.2024
257002;Heures BAL;-01.83;31.08.2024;31.08.2024
257002;Heures SUP;00.18;31.08.2024;31.08.2024
257002;Pont;23.20;31.08.2024;31.08.2024
257002;Unité Piquet;00.00;31.08.2024;31.08.2024
257002;Vacances;18.00;31.08.2024;31.08.2024
259002;Heures BAL;00.00;31.08.2024;31.08.2024
259002;Heures SUP;00.00;31.08.2024;31.08.2024
259002;Pont;00.00;31.08.2024;31.08.2024
259002;Unité Piquet;00.00;31.08.2024;31.08.2024
259002;Vacances;16.00;31.08.2024;31.08.2024
261004;Heures BAL;32.08;31.08.2024;31.08.2024
261004;Heures SUP;13.05;31.08.2024;31.08.2024
261004;Pont;17.93;31.08.2024;31.08.2024
261004;Unité Piquet;00.00;31.08.2024;31.08.2024
261004;Vacances;13.00;31.08.2024;31.08.2024
261005;Heures BAL;30.53;31.08.2024;31.08.2024
261005;Heures SUP;04.25;31.08.2024;31.08.2024
261005;Pont;20.80;31.08.2024;31.08.2024
261005;Unité Piquet;00.00;31.08.2024;31.08.2024
261005;Vacances;8.50;31.08.2024;31.08.2024
261006;Heures BAL;105.05;31.08.2024;31.08.2024
261006;Heures SUP;13.52;31.08.2024;31.08.2024
261006;Pont;22.60;31.08.2024;31.08.2024
261006;Unité Piquet;00.00;31.08.2024;31.08.2024
261006;Vacances;19.00;31.08.2024;31.08.2024
263002;Heures BAL;110.05;31.08.2024;31.08.2024
263002;Heures SUP;00.00;31.08.2024;31.08.2024
263002;Pont;18.80;31.08.2024;31.08.2024
263002;Unité Piquet;00.00;31.08.2024;31.08.2024
263002;Vacances;5.00;31.08.2024;31.08.2024
264002;Heures BAL;-04.38;31.08.2024;31.08.2024
264002;Heures SUP;15.98;31.08.2024;31.08.2024
264002;Pont;20.60;31.08.2024;31.08.2024
264002;Unité Piquet;00.00;31.08.2024;31.08.2024
264002;Vacances;12.00;31.08.2024;31.08.2024
264003;Heures BAL;00.00;31.08.2024;31.08.2024
264003;Heures SUP;00.00;31.08.2024;31.08.2024
264003;Pont;00.00;31.08.2024;31.08.2024
264003;Unité Piquet;00.00;31.08.2024;31.08.2024
264003;Vacances;14.00;31.08.2024;31.08.2024
265001;Heures BAL;02.27;31.08.2024;31.08.2024
265001;Heures SUP;00.00;31.08.2024;31.08.2024
265001;Pont;21.00;31.08.2024;31.08.2024
265001;Unité Piquet;00.00;31.08.2024;31.08.2024
265001;Vacances;10.00;31.08.2024;31.08.2024
265002;Heures BAL;-48.83;31.08.2024;31.08.2024
265002;Heures SUP;10.75;31.08.2024;31.08.2024
265002;Pont;09.83;31.08.2024;31.08.2024
265002;Unité Piquet;00.00;31.08.2024;31.08.2024
265002;Vacances;15.00;31.08.2024;31.08.2024
266004;Heures BAL;154.00;31.08.2024;31.08.2024
266004;Heures SUP;02.80;31.08.2024;31.08.2024
266004;Pont;19.60;31.08.2024;31.08.2024
266004;Unité Piquet;00.00;31.08.2024;31.08.2024
266004;Vacances;1.50;31.08.2024;31.08.2024
266005;Heures BAL;00.00;31.08.2024;31.08.2024
266005;Heures SUP;00.00;31.08.2024;31.08.2024
266005;Pont;00.00;31.08.2024;31.08.2024
266005;Unité Piquet;00.00;31.08.2024;31.08.2024
266005;Vacances;28.00;31.08.2024;31.08.2024
266006;Heures BAL;14.05;31.08.2024;31.08.2024
266006;Heures SUP;04.03;31.08.2024;31.08.2024
266006;Pont;21.80;31.08.2024;31.08.2024
266006;Unité Piquet;00.00;31.08.2024;31.08.2024
266006;Vacances;11.00;31.08.2024;31.08.2024
267004;Heures BAL;38.38;31.08.2024;31.08.2024
267004;Heures SUP;23.65;31.08.2024;31.08.2024
267004;Pont;22.00;31.08.2024;31.08.2024
267004;Unité Piquet;00.00;31.08.2024;31.08.2024
267004;Vacances;20.00;31.08.2024;31.08.2024
269001;Heures BAL;14.90;31.08.2024;31.08.2024
269001;Heures SUP;00.97;31.08.2024;31.08.2024
269001;Pont;20.60;31.08.2024;31.08.2024
269001;Unité Piquet;00.00;31.08.2024;31.08.2024
269001;Vacances;10.00;31.08.2024;31.08.2024
270002;Heures BAL;04.07;31.08.2024;31.08.2024
270002;Heures SUP;00.00;31.08.2024;31.08.2024
270002;Pont;19.20;31.08.2024;31.08.2024
270002;Unité Piquet;00.00;31.08.2024;31.08.2024
270002;Vacances;1.00;31.08.2024;31.08.2024
271001;Heures BAL;10.67;31.08.2024;31.08.2024
271001;Heures SUP;00.00;31.08.2024;31.08.2024
271001;Pont;00.00;31.08.2024;31.08.2024
271001;Unité Piquet;00.00;31.08.2024;31.08.2024
271001;Vacances;13.00;31.08.2024;31.08.2024
271003;Heures BAL;55.97;31.08.2024;31.08.2024
271003;Heures SUP;32.78;31.08.2024;31.08.2024
271003;Pont;21.80;31.08.2024;31.08.2024
271003;Unité Piquet;00.00;31.08.2024;31.08.2024
271003;Vacances;19.00;31.08.2024;31.08.2024
272001;Heures BAL;165.92;31.08.2024;31.08.2024
272001;Heures SUP;-08.18;31.08.2024;31.08.2024
272001;Pont;22.80;31.08.2024;31.08.2024
272001;Unité Piquet;00.00;31.08.2024;31.08.2024
272001;Vacances;23.00;31.08.2024;31.08.2024
274001;Heures BAL;14.13;31.08.2024;31.08.2024
274001;Heures SUP;08.18;31.08.2024;31.08.2024
274001;Pont;33.20;31.08.2024;31.08.2024
274001;Unité Piquet;00.00;31.08.2024;31.08.2024
274001;Vacances;19.00;31.08.2024;31.08.2024
275006;Heures BAL;11.48;31.08.2024;31.08.2024
275006;Heures SUP;01.00;31.08.2024;31.08.2024
275006;Pont;00.00;31.08.2024;31.08.2024
275006;Unité Piquet;00.00;31.08.2024;31.08.2024
275006;Vacances;10.00;31.08.2024;31.08.2024
276001;Heures BAL;87.42;31.08.2024;31.08.2024
276001;Heures SUP;50.62;31.08.2024;31.08.2024
276001;Pont;22.20;31.08.2024;31.08.2024
276001;Unité Piquet;00.00;31.08.2024;31.08.2024
276001;Vacances;13.00;31.08.2024;31.08.2024
277008;Heures BAL;35.83;31.08.2024;31.08.2024
277008;Heures SUP;13.30;31.08.2024;31.08.2024
277008;Pont;23.80;31.08.2024;31.08.2024
277008;Unité Piquet;00.00;31.08.2024;31.08.2024
277008;Vacances;21.00;31.08.2024;31.08.2024
277009;Heures BAL;05.60;31.08.2024;31.08.2024
277009;Heures SUP;00.00;31.08.2024;31.08.2024
277009;Pont;20.00;31.08.2024;31.08.2024
277009;Unité Piquet;00.00;31.08.2024;31.08.2024
277009;Vacances;0.00;31.08.2024;31.08.2024
277013;Heures BAL;00.00;31.08.2024;31.08.2024
277013;Heures SUP;00.00;31.08.2024;31.08.2024
277013;Pont;00.00;31.08.2024;31.08.2024
277013;Unité Piquet;00.00;31.08.2024;31.08.2024
277013;Vacances;0.00;31.08.2024;31.08.2024
278001;Heures BAL;80.17;31.08.2024;31.08.2024
278001;Heures SUP;31.53;31.08.2024;31.08.2024
278001;Pont;20.20;31.08.2024;31.08.2024
278001;Unité Piquet;00.00;31.08.2024;31.08.2024
278001;Vacances;11.00;31.08.2024;31.08.2024
279001;Heures BAL;107.65;31.08.2024;31.08.2024
279001;Heures SUP;15.43;31.08.2024;31.08.2024
279001;Pont;24.00;31.08.2024;31.08.2024
279001;Unité Piquet;00.00;31.08.2024;31.08.2024
279001;Vacances;25.00;31.08.2024;31.08.2024
279002;Heures BAL;00.00;31.08.2024;31.08.2024
279002;Heures SUP;10.00;31.08.2024;31.08.2024
279002;Pont;00.00;31.08.2024;31.08.2024
279002;Unité Piquet;00.00;31.08.2024;31.08.2024
279002;Vacances;0.00;31.08.2024;31.08.2024
281002;Heures BAL;20.52;31.08.2024;31.08.2024
281002;Heures SUP;34.15;31.08.2024;31.08.2024
281002;Pont;17.27;31.08.2024;31.08.2024
281002;Unité Piquet;00.00;31.08.2024;31.08.2024
281002;Vacances;14.00;31.08.2024;31.08.2024
283001;Heures BAL;36.73;31.08.2024;31.08.2024
283001;Heures SUP;01.10;31.08.2024;31.08.2024
283001;Pont;21.40;31.08.2024;31.08.2024
283001;Unité Piquet;50.00;31.08.2024;31.08.2024
283001;Vacances;15.00;31.08.2024;31.08.2024
284001;Heures BAL;32.28;31.08.2024;31.08.2024
284001;Heures SUP;01.47;31.08.2024;31.08.2024
284001;Pont;20.20;31.08.2024;31.08.2024
284001;Unité Piquet;00.00;31.08.2024;31.08.2024
284001;Vacances;11.00;31.08.2024;31.08.2024
285003;Heures BAL;107.43;31.08.2024;31.08.2024
285003;Heures SUP;32.85;31.08.2024;31.08.2024
285003;Pont;23.20;31.08.2024;31.08.2024
285003;Unité Piquet;00.00;31.08.2024;31.08.2024
285003;Vacances;23.00;31.08.2024;31.08.2024
285004;Heures BAL;87.52;31.08.2024;31.08.2024
285004;Heures SUP;32.40;31.08.2024;31.08.2024
285004;Pont;20.40;31.08.2024;31.08.2024
285004;Unité Piquet;00.00;31.08.2024;31.08.2024
285004;Vacances;24.50;31.08.2024;31.08.2024
285006;Heures BAL;56.93;31.08.2024;31.08.2024
285006;Heures SUP;26.18;31.08.2024;31.08.2024
285006;Pont;21.80;31.08.2024;31.08.2024
285006;Unité Piquet;50.00;31.08.2024;31.08.2024
285006;Vacances;15.50;31.08.2024;31.08.2024
285007;Heures BAL;13.40;31.08.2024;31.08.2024
285007;Heures SUP;00.00;31.08.2024;31.08.2024
285007;Pont;10.80;31.08.2024;31.08.2024
285007;Unité Piquet;00.00;31.08.2024;31.08.2024
285007;Vacances;5.00;31.08.2024;31.08.2024
287001;Heures BAL;32.88;31.08.2024;31.08.2024
287001;Heures SUP;11.12;31.08.2024;31.08.2024
287001;Pont;22.40;31.08.2024;31.08.2024
287001;Unité Piquet;00.00;31.08.2024;31.08.2024
287001;Vacances;21.00;31.08.2024;31.08.2024
287007;Heures BAL;20.73;31.08.2024;31.08.2024
287007;Heures SUP;00.00;31.08.2024;31.08.2024
287007;Pont;20.20;31.08.2024;31.08.2024
287007;Unité Piquet;00.00;31.08.2024;31.08.2024
287007;Vacances;8.50;31.08.2024;31.08.2024
287011;Heures BAL;76.97;31.08.2024;31.08.2024
287011;Heures SUP;22.23;31.08.2024;31.08.2024
287011;Pont;21.20;31.08.2024;31.08.2024
287011;Unité Piquet;00.00;31.08.2024;31.08.2024
287011;Vacances;13.00;31.08.2024;31.08.2024
288004;Heures BAL;07.98;31.08.2024;31.08.2024
288004;Heures SUP;05.73;31.08.2024;31.08.2024
288004;Pont;18.00;31.08.2024;31.08.2024
288004;Unité Piquet;00.00;31.08.2024;31.08.2024
288004;Vacances;-2.00;31.08.2024;31.08.2024
289001;Heures BAL;38.98;31.08.2024;31.08.2024
289001;Heures SUP;27.13;31.08.2024;31.08.2024
289001;Pont;21.40;31.08.2024;31.08.2024
289001;Unité Piquet;00.00;31.08.2024;31.08.2024
289001;Vacances;16.00;31.08.2024;31.08.2024
289002;Heures BAL;70.10;31.08.2024;31.08.2024
289002;Heures SUP;52.27;31.08.2024;31.08.2024
289002;Pont;21.20;31.08.2024;31.08.2024
289002;Unité Piquet;49.00;31.08.2024;31.08.2024
289002;Vacances;7.00;31.08.2024;31.08.2024
289003;Heures BAL;102.50;31.08.2024;31.08.2024
289003;Heures SUP;19.35;31.08.2024;31.08.2024
289003;Pont;19.60;31.08.2024;31.08.2024
289003;Unité Piquet;00.00;31.08.2024;31.08.2024
289003;Vacances;5.50;31.08.2024;31.08.2024
290001;Heures BAL;150.00;31.08.2024;31.08.2024
290001;Heures SUP;13.88;31.08.2024;31.08.2024
290001;Pont;33.20;31.08.2024;31.08.2024
290001;Unité Piquet;00.00;31.08.2024;31.08.2024
290001;Vacances;26.00;31.08.2024;31.08.2024
290005;Heures BAL;20.50;31.08.2024;31.08.2024
290005;Heures SUP;23.75;31.08.2024;31.08.2024
290005;Pont;20.40;31.08.2024;31.08.2024
290005;Unité Piquet;00.00;31.08.2024;31.08.2024
290005;Vacances;6.50;31.08.2024;31.08.2024
290006;Heures BAL;00.00;31.08.2024;31.08.2024
290006;Heures SUP;00.00;31.08.2024;31.08.2024
290006;Pont;00.00;31.08.2024;31.08.2024
290006;Unité Piquet;00.00;31.08.2024;31.08.2024
290006;Vacances;0.00;31.08.2024;31.08.2024
292005;Heures BAL;00.00;31.08.2024;31.08.2024
292005;Heures SUP;00.00;31.08.2024;31.08.2024
292005;Pont;00.00;31.08.2024;31.08.2024
292005;Unité Piquet;00.00;31.08.2024;31.08.2024
292005;Vacances;0.00;31.08.2024;31.08.2024
292006;Heures BAL;49.18;31.08.2024;31.08.2024
292006;Heures SUP;19.20;31.08.2024;31.08.2024
292006;Pont;15.93;31.08.2024;31.08.2024
292006;Unité Piquet;00.00;31.08.2024;31.08.2024
292006;Vacances;8.00;31.08.2024;31.08.2024
292007;Heures BAL;30.92;31.08.2024;31.08.2024
292007;Heures SUP;00.00;31.08.2024;31.08.2024
292007;Pont;19.80;31.08.2024;31.08.2024
292007;Unité Piquet;00.00;31.08.2024;31.08.2024
292007;Vacances;7.00;31.08.2024;31.08.2024
293001;Heures BAL;53.00;31.08.2024;31.08.2024
293001;Heures SUP;27.43;31.08.2024;31.08.2024
293001;Pont;20.85;31.08.2024;31.08.2024
293001;Unité Piquet;00.00;31.08.2024;31.08.2024
293001;Vacances;25.00;31.08.2024;31.08.2024
293004;Heures BAL;19.10;31.08.2024;31.08.2024
293004;Heures SUP;16.32;31.08.2024;31.08.2024
293004;Pont;21.20;31.08.2024;31.08.2024
293004;Unité Piquet;00.00;31.08.2024;31.08.2024
293004;Vacances;16.00;31.08.2024;31.08.2024
293007;Heures BAL;00.00;31.08.2024;31.08.2024
293007;Heures SUP;00.00;31.08.2024;31.08.2024
293007;Pont;00.00;31.08.2024;31.08.2024
293007;Unité Piquet;00.00;31.08.2024;31.08.2024
293007;Vacances;24.00;31.08.2024;31.08.2024
295001;Heures BAL;03.55;31.08.2024;31.08.2024
295001;Heures SUP;09.25;31.08.2024;31.08.2024
295001;Pont;20.80;31.08.2024;31.08.2024
295001;Unité Piquet;00.00;31.08.2024;31.08.2024
295001;Vacances;17.50;31.08.2024;31.08.2024
297001;Heures BAL;20.92;31.08.2024;31.08.2024
297001;Heures SUP;00.00;31.08.2024;31.08.2024
297001;Pont;02.00;31.08.2024;31.08.2024
297001;Unité Piquet;00.00;31.08.2024;31.08.2024
297001;Vacances;30.50;31.08.2024;31.08.2024
299001;Heures BAL;10.13;31.08.2024;31.08.2024
299001;Heures SUP;-04.00;31.08.2024;31.08.2024
299001;Pont;18.80;31.08.2024;31.08.2024
299001;Unité Piquet;00.00;31.08.2024;31.08.2024
299001;Vacances;4.50;31.08.2024;31.08.2024
310001;Heures BAL;00.00;31.08.2024;31.08.2024
310001;Heures SUP;00.00;31.08.2024;31.08.2024
310001;Pont;00.00;31.08.2024;31.08.2024
310001;Unité Piquet;00.00;31.08.2024;31.08.2024
310001;Vacances;30.00;31.08.2024;31.08.2024
315001;Heures BAL;33.15;31.08.2024;31.08.2024
315001;Heures SUP;00.00;31.08.2024;31.08.2024
315001;Pont;22.80;31.08.2024;31.08.2024
315001;Unité Piquet;00.00;31.08.2024;31.08.2024
315001;Vacances;13.00;31.08.2024;31.08.2024
315002;Heures BAL;38.63;31.08.2024;31.08.2024
315002;Heures SUP;40.42;31.08.2024;31.08.2024
315002;Pont;19.80;31.08.2024;31.08.2024
315002;Unité Piquet;00.00;31.08.2024;31.08.2024
315002;Vacances;5.50;31.08.2024;31.08.2024
315003;Heures BAL;43.63;31.08.2024;31.08.2024
315003;Heures SUP;34.88;31.08.2024;31.08.2024
315003;Pont;21.00;31.08.2024;31.08.2024
315003;Unité Piquet;50.00;31.08.2024;31.08.2024
315003;Vacances;4.00;31.08.2024;31.08.2024
320002;Heures BAL;00.00;31.08.2024;31.08.2024
320002;Heures SUP;00.00;31.08.2024;31.08.2024
320002;Pont;00.00;31.08.2024;31.08.2024
320002;Unité Piquet;00.00;31.08.2024;31.08.2024
320002;Vacances;12.50;31.08.2024;31.08.2024
322002;Heures BAL;00.00;31.08.2024;31.08.2024
322002;Heures SUP;00.00;31.08.2024;31.08.2024
322002;Pont;00.00;31.08.2024;31.08.2024
322002;Unité Piquet;00.00;31.08.2024;31.08.2024
322002;Vacances;0.00;31.08.2024;31.08.2024
324002;Heures BAL;00.00;31.08.2024;31.08.2024
324002;Heures SUP;00.00;31.08.2024;31.08.2024
324002;Pont;00.00;31.08.2024;31.08.2024
324002;Unité Piquet;00.00;31.08.2024;31.08.2024
324002;Vacances;0.00;31.08.2024;31.08.2024
325001;Heures BAL;00.00;31.08.2024;31.08.2024
325001;Heures SUP;00.00;31.08.2024;31.08.2024
325001;Pont;00.00;31.08.2024;31.08.2024
325001;Unité Piquet;00.00;31.08.2024;31.08.2024
325001;Vacances;0.00;31.08.2024;31.08.2024
325002;Heures BAL;00.00;31.08.2024;31.08.2024
325002;Heures SUP;00.00;31.08.2024;31.08.2024
325002;Pont;00.00;31.08.2024;31.08.2024
325002;Unité Piquet;00.00;31.08.2024;31.08.2024
325002;Vacances;0.00;31.08.2024;31.08.2024
326001;Heures BAL;39.73;31.08.2024;31.08.2024
326001;Heures SUP;03.20;31.08.2024;31.08.2024
326001;Pont;14.00;31.08.2024;31.08.2024
326001;Unité Piquet;00.00;31.08.2024;31.08.2024
326001;Vacances;12.00;31.08.2024;31.08.2024
327001;Heures BAL;36.45;31.08.2024;31.08.2024
327001;Heures SUP;04.87;31.08.2024;31.08.2024
327001;Pont;18.60;31.08.2024;31.08.2024
327001;Unité Piquet;00.00;31.08.2024;31.08.2024
327001;Vacances;21.00;31.08.2024;31.08.2024
327003;Heures BAL;25.08;31.08.2024;31.08.2024
327003;Heures SUP;00.00;31.08.2024;31.08.2024
327003;Pont;21.60;31.08.2024;31.08.2024
327003;Unité Piquet;00.00;31.08.2024;31.08.2024
327003;Vacances;18.00;31.08.2024;31.08.2024
327005;Heures BAL;00.00;31.08.2024;31.08.2024
327005;Heures SUP;00.00;31.08.2024;31.08.2024
327005;Pont;00.00;31.08.2024;31.08.2024
327005;Unité Piquet;00.00;31.08.2024;31.08.2024
327005;Vacances;0.00;31.08.2024;31.08.2024
333001;Heures BAL;-30.98;31.08.2024;31.08.2024
333001;Heures SUP;09.45;31.08.2024;31.08.2024
333001;Pont;14.93;31.08.2024;31.08.2024
333001;Unité Piquet;50.00;31.08.2024;31.08.2024
333001;Vacances;10.00;31.08.2024;31.08.2024
335001;Heures BAL;00.00;31.08.2024;31.08.2024
335001;Heures SUP;00.00;31.08.2024;31.08.2024
335001;Pont;00.00;31.08.2024;31.08.2024
335001;Unité Piquet;00.00;31.08.2024;31.08.2024
335001;Vacances;0.00;31.08.2024;31.08.2024
337001;Heures BAL;61.82;31.08.2024;31.08.2024
337001;Heures SUP;46.07;31.08.2024;31.08.2024
337001;Pont;21.40;31.08.2024;31.08.2024
337001;Unité Piquet;00.00;31.08.2024;31.08.2024
337001;Vacances;12.00;31.08.2024;31.08.2024
338001;Heures BAL;179.08;31.08.2024;31.08.2024
338001;Heures SUP;88.38;31.08.2024;31.08.2024
338001;Pont;19.80;31.08.2024;31.08.2024
338001;Unité Piquet;00.00;31.08.2024;31.08.2024
338001;Vacances;13.50;31.08.2024;31.08.2024
338004;Heures BAL;20.65;31.08.2024;31.08.2024
338004;Heures SUP;15.75;31.08.2024;31.08.2024
338004;Pont;19.80;31.08.2024;31.08.2024
338004;Unité Piquet;00.00;31.08.2024;31.08.2024
338004;Vacances;3.50;31.08.2024;31.08.2024
338006;Heures BAL;97.68;31.08.2024;31.08.2024
338006;Heures SUP;25.38;31.08.2024;31.08.2024
338006;Pont;21.20;31.08.2024;31.08.2024
338006;Unité Piquet;00.00;31.08.2024;31.08.2024
338006;Vacances;11.00;31.08.2024;31.08.2024
338009;Heures BAL;00.00;31.08.2024;31.08.2024
338009;Heures SUP;00.00;31.08.2024;31.08.2024
338009;Pont;00.00;31.08.2024;31.08.2024
338009;Unité Piquet;00.00;31.08.2024;31.08.2024
338009;Vacances;0.00;31.08.2024;31.08.2024
351003;Heures BAL;22.13;31.08.2024;31.08.2024
351003;Heures SUP;49.00;31.08.2024;31.08.2024
351003;Pont;22.60;31.08.2024;31.08.2024
351003;Unité Piquet;00.00;31.08.2024;31.08.2024
351003;Vacances;10.00;31.08.2024;31.08.2024
355001;Heures BAL;00.00;31.08.2024;31.08.2024
355001;Heures SUP;00.00;31.08.2024;31.08.2024
355001;Pont;00.00;31.08.2024;31.08.2024
355001;Unité Piquet;00.00;31.08.2024;31.08.2024
355001;Vacances;13.00;31.08.2024;31.08.2024
361004;Heures BAL;00.00;31.08.2024;31.08.2024
361004;Heures SUP;00.00;31.08.2024;31.08.2024
361004;Pont;00.00;31.08.2024;31.08.2024
361004;Unité Piquet;00.00;31.08.2024;31.08.2024
361004;Vacances;21.50;31.08.2024;31.08.2024
363001;Heures BAL;67.73;31.08.2024;31.08.2024
363001;Heures SUP;43.15;31.08.2024;31.08.2024
363001;Pont;17.80;31.08.2024;31.08.2024
363001;Unité Piquet;50.00;31.08.2024;31.08.2024
363001;Vacances;7.00;31.08.2024;31.08.2024
368003;Heures BAL;00.00;31.08.2024;31.08.2024
368003;Heures SUP;00.00;31.08.2024;31.08.2024
368003;Pont;00.00;31.08.2024;31.08.2024
368003;Unité Piquet;00.00;31.08.2024;31.08.2024
368003;Vacances;20.50;31.08.2024;31.08.2024
369001;Heures BAL;00.00;31.08.2024;31.08.2024
369001;Heures SUP;00.00;31.08.2024;31.08.2024
369001;Pont;00.00;31.08.2024;31.08.2024
369001;Unité Piquet;00.00;31.08.2024;31.08.2024
369001;Vacances;0.00;31.08.2024;31.08.2024
369002;Heures BAL;70.22;31.08.2024;31.08.2024
369002;Heures SUP;01.25;31.08.2024;31.08.2024
369002;Pont;19.60;31.08.2024;31.08.2024
369002;Unité Piquet;50.00;31.08.2024;31.08.2024
369002;Vacances;15.00;31.08.2024;31.08.2024
369006;Heures BAL;00.00;31.08.2024;31.08.2024
369006;Heures SUP;00.00;31.08.2024;31.08.2024
369006;Pont;00.00;31.08.2024;31.08.2024
369006;Unité Piquet;00.00;31.08.2024;31.08.2024
369006;Vacances;10.00;31.08.2024;31.08.2024
376003;Heures BAL;104.32;31.08.2024;31.08.2024
376003;Heures SUP;00.00;31.08.2024;31.08.2024
376003;Pont;17.43;31.08.2024;31.08.2024
376003;Unité Piquet;00.00;31.08.2024;31.08.2024
376003;Vacances;8.00;31.08.2024;31.08.2024
377003;Heures BAL;-05.18;31.08.2024;31.08.2024
377003;Heures SUP;11.08;31.08.2024;31.08.2024
377003;Pont;08.00;31.08.2024;31.08.2024
377003;Unité Piquet;00.00;31.08.2024;31.08.2024
377003;Vacances;8.00;31.08.2024;31.08.2024
382001;Heures BAL;50.25;31.08.2024;31.08.2024
382001;Heures SUP;09.73;31.08.2024;31.08.2024
382001;Pont;23.20;31.08.2024;31.08.2024
382001;Unité Piquet;00.00;31.08.2024;31.08.2024
382001;Vacances;16.50;31.08.2024;31.08.2024
390003;Heures BAL;150.80;31.08.2024;31.08.2024
390003;Heures SUP;05.67;31.08.2024;31.08.2024
390003;Pont;19.20;31.08.2024;31.08.2024
390003;Unité Piquet;00.00;31.08.2024;31.08.2024
390003;Vacances;9.00;31.08.2024;31.08.2024
390004;Heures BAL;09.52;31.08.2024;31.08.2024
390004;Heures SUP;00.00;31.08.2024;31.08.2024
390004;Pont;12.80;31.08.2024;31.08.2024
390004;Unité Piquet;00.00;31.08.2024;31.08.2024
390004;Vacances;15.00;31.08.2024;31.08.2024
393001;Heures BAL;144.67;31.08.2024;31.08.2024
393001;Heures SUP;45.25;31.08.2024;31.08.2024
393001;Pont;27.60;31.08.2024;31.08.2024
393001;Unité Piquet;00.00;31.08.2024;31.08.2024
393001;Vacances;15.00;31.08.2024;31.08.2024
393003;Heures BAL;61.73;31.08.2024;31.08.2024
393003;Heures SUP;32.68;31.08.2024;31.08.2024
393003;Pont;13.73;31.08.2024;31.08.2024
393003;Unité Piquet;00.00;31.08.2024;31.08.2024
393003;Vacances;12.50;31.08.2024;31.08.2024
398005;Heures BAL;21.80;31.08.2024;31.08.2024
398005;Heures SUP;00.00;31.08.2024;31.08.2024
398005;Pont;11.43;31.08.2024;31.08.2024
398005;Unité Piquet;00.00;31.08.2024;31.08.2024
398005;Vacances;5.00;31.08.2024;31.08.2024
401001;Heures BAL;135.42;31.08.2024;31.08.2024
401001;Heures SUP;41.40;31.08.2024;31.08.2024
401001;Pont;20.20;31.08.2024;31.08.2024
401001;Unité Piquet;00.00;31.08.2024;31.08.2024
401001;Vacances;14.00;31.08.2024;31.08.2024
404004;Heures BAL;60.72;31.08.2024;31.08.2024
404004;Heures SUP;47.33;31.08.2024;31.08.2024
404004;Pont;31.40;31.08.2024;31.08.2024
404004;Unité Piquet;00.00;31.08.2024;31.08.2024
404004;Vacances;36.50;31.08.2024;31.08.2024
404008;Heures BAL;26.65;31.08.2024;31.08.2024
404008;Heures SUP;00.00;31.08.2024;31.08.2024
404008;Pont;19.12;31.08.2024;31.08.2024
404008;Unité Piquet;00.00;31.08.2024;31.08.2024
404008;Vacances;-1.00;31.08.2024;31.08.2024
404010;Heures BAL;07.70;31.08.2024;31.08.2024
404010;Heures SUP;18.50;31.08.2024;31.08.2024
404010;Pont;21.60;31.08.2024;31.08.2024
404010;Unité Piquet;00.00;31.08.2024;31.08.2024
404010;Vacances;9.00;31.08.2024;31.08.2024
406002;Heures BAL;62.25;31.08.2024;31.08.2024
406002;Heures SUP;25.78;31.08.2024;31.08.2024
406002;Pont;17.43;31.08.2024;31.08.2024
406002;Unité Piquet;50.00;31.08.2024;31.08.2024
406002;Vacances;10.00;31.08.2024;31.08.2024
413005;Heures BAL;00.00;31.08.2024;31.08.2024
413005;Heures SUP;00.00;31.08.2024;31.08.2024
413005;Pont;-08.00;31.08.2024;31.08.2024
413005;Unité Piquet;00.00;31.08.2024;31.08.2024
413005;Vacances;30.50;31.08.2024;31.08.2024
415001;Heures BAL;64.80;31.08.2024;31.08.2024
415001;Heures SUP;49.27;31.08.2024;31.08.2024
415001;Pont;19.00;31.08.2024;31.08.2024
415001;Unité Piquet;00.00;31.08.2024;31.08.2024
415001;Vacances;10.00;31.08.2024;31.08.2024
421001;Heures BAL;42.48;31.08.2024;31.08.2024
421001;Heures SUP;00.00;31.08.2024;31.08.2024
421001;Pont;19.20;31.08.2024;31.08.2024
421001;Unité Piquet;00.00;31.08.2024;31.08.2024
421001;Vacances;3.00;31.08.2024;31.08.2024
421002;Heures BAL;-06.30;31.08.2024;31.08.2024
421002;Heures SUP;06.32;31.08.2024;31.08.2024
421002;Pont;21.20;31.08.2024;31.08.2024
421002;Unité Piquet;00.00;31.08.2024;31.08.2024
421002;Vacances;6.00;31.08.2024;31.08.2024
421003;Heures BAL;00.00;31.08.2024;31.08.2024
421003;Heures SUP;00.00;31.08.2024;31.08.2024
421003;Pont;00.00;31.08.2024;31.08.2024
421003;Unité Piquet;00.00;31.08.2024;31.08.2024
421003;Vacances;8.50;31.08.2024;31.08.2024
422001;Heures BAL;59.52;31.08.2024;31.08.2024
422001;Heures SUP;03.07;31.08.2024;31.08.2024
422001;Pont;21.00;31.08.2024;31.08.2024
422001;Unité Piquet;00.00;31.08.2024;31.08.2024
422001;Vacances;4.00;31.08.2024;31.08.2024
422004;Heures BAL;00.80;31.08.2024;31.08.2024
422004;Heures SUP;00.00;31.08.2024;31.08.2024
422004;Pont;04.00;31.08.2024;31.08.2024
422004;Unité Piquet;00.00;31.08.2024;31.08.2024
422004;Vacances;11.50;31.08.2024;31.08.2024
424001;Heures BAL;136.60;31.08.2024;31.08.2024
424001;Heures SUP;51.42;31.08.2024;31.08.2024
424001;Pont;20.80;31.08.2024;31.08.2024
424001;Unité Piquet;00.00;31.08.2024;31.08.2024
424001;Vacances;15.00;31.08.2024;31.08.2024
424003;Heures BAL;12.52;31.08.2024;31.08.2024
424003;Heures SUP;00.00;31.08.2024;31.08.2024
424003;Pont;19.75;31.08.2024;31.08.2024
424003;Unité Piquet;00.00;31.08.2024;31.08.2024
424003;Vacances;7.00;31.08.2024;31.08.2024
438002;Heures BAL;18.43;31.08.2024;31.08.2024
438002;Heures SUP;00.35;31.08.2024;31.08.2024
438002;Pont;20.20;31.08.2024;31.08.2024
438002;Unité Piquet;00.00;31.08.2024;31.08.2024
438002;Vacances;6.00;31.08.2024;31.08.2024
438003;Heures BAL;07.72;31.08.2024;31.08.2024
438003;Heures SUP;09.60;31.08.2024;31.08.2024
438003;Pont;20.60;31.08.2024;31.08.2024
438003;Unité Piquet;00.00;31.08.2024;31.08.2024
438003;Vacances;8.00;31.08.2024;31.08.2024
453001;Heures BAL;05.57;31.08.2024;31.08.2024
453001;Heures SUP;00.00;31.08.2024;31.08.2024
453001;Pont;04.00;31.08.2024;31.08.2024
453001;Unité Piquet;00.00;31.08.2024;31.08.2024
453001;Vacances;5.50;31.08.2024;31.08.2024
463001;Heures BAL;21.23;31.08.2024;31.08.2024
463001;Heures SUP;02.70;31.08.2024;31.08.2024
463001;Pont;20.80;31.08.2024;31.08.2024
463001;Unité Piquet;00.00;31.08.2024;31.08.2024
463001;Vacances;3.00;31.08.2024;31.08.2024
465001;Heures BAL;37.18;31.08.2024;31.08.2024
465001;Heures SUP;48.08;31.08.2024;31.08.2024
465001;Pont;17.80;31.08.2024;31.08.2024
465001;Unité Piquet;00.00;31.08.2024;31.08.2024
465001;Vacances;0.00;31.08.2024;31.08.2024
471001;Heures BAL;00.00;31.08.2024;31.08.2024
471001;Heures SUP;00.00;31.08.2024;31.08.2024
471001;Pont;00.00;31.08.2024;31.08.2024
471001;Unité Piquet;00.00;31.08.2024;31.08.2024
471001;Vacances;14.00;31.08.2024;31.08.2024
472003;Heures BAL;00.00;31.08.2024;31.08.2024
472003;Heures SUP;00.00;31.08.2024;31.08.2024
472003;Pont;00.00;31.08.2024;31.08.2024
472003;Unité Piquet;00.00;31.08.2024;31.08.2024
472003;Vacances;0.00;31.08.2024;31.08.2024
476002;Heures BAL;26.50;31.08.2024;31.08.2024
476002;Heures SUP;04.85;31.08.2024;31.08.2024
476002;Pont;16.45;31.08.2024;31.08.2024
476002;Unité Piquet;00.00;31.08.2024;31.08.2024
476002;Vacances;5.00;31.08.2024;31.08.2024
483001;Heures BAL;55.47;31.08.2024;31.08.2024
483001;Heures SUP;42.00;31.08.2024;31.08.2024
483001;Pont;19.80;31.08.2024;31.08.2024
483001;Unité Piquet;00.00;31.08.2024;31.08.2024
483001;Vacances;12.00;31.08.2024;31.08.2024
483002;Heures BAL;02.00;31.08.2024;31.08.2024
483002;Heures SUP;02.93;31.08.2024;31.08.2024
483002;Pont;23.00;31.08.2024;31.08.2024
483002;Unité Piquet;00.00;31.08.2024;31.08.2024
483002;Vacances;17.50;31.08.2024;31.08.2024
489006;Heures BAL;-10.02;31.08.2024;31.08.2024
489006;Heures SUP;17.42;31.08.2024;31.08.2024
489006;Pont;22.20;31.08.2024;31.08.2024
489006;Unité Piquet;00.00;31.08.2024;31.08.2024
489006;Vacances;10.00;31.08.2024;31.08.2024
490003;Heures BAL;-02.97;31.08.2024;31.08.2024
490003;Heures SUP;00.00;31.08.2024;31.08.2024
490003;Pont;20.60;31.08.2024;31.08.2024
490003;Unité Piquet;00.00;31.08.2024;31.08.2024
490003;Vacances;3.00;31.08.2024;31.08.2024
500002;Heures BAL;13.20;31.08.2024;31.08.2024
500002;Heures SUP;29.03;31.08.2024;31.08.2024
500002;Pont;19.38;31.08.2024;31.08.2024
500002;Unité Piquet;00.00;31.08.2024;31.08.2024
500002;Vacances;15.00;31.08.2024;31.08.2024
501001;Heures BAL;66.57;31.08.2024;31.08.2024
501001;Heures SUP;02.05;31.08.2024;31.08.2024
501001;Pont;19.40;31.08.2024;31.08.2024
501001;Unité Piquet;00.00;31.08.2024;31.08.2024
501001;Vacances;12.00;31.08.2024;31.08.2024
502003;Heures BAL;00.00;31.08.2024;31.08.2024
502003;Heures SUP;00.00;31.08.2024;31.08.2024
502003;Pont;00.00;31.08.2024;31.08.2024
502003;Unité Piquet;00.00;31.08.2024;31.08.2024
502003;Vacances;0.00;31.08.2024;31.08.2024
502004;Heures BAL;00.00;31.08.2024;31.08.2024
502004;Heures SUP;00.00;31.08.2024;31.08.2024
502004;Pont;00.00;31.08.2024;31.08.2024
502004;Unité Piquet;00.00;31.08.2024;31.08.2024
502004;Vacances;0.00;31.08.2024;31.08.2024
504002;Heures BAL;109.53;31.08.2024;31.08.2024
504002;Heures SUP;00.00;31.08.2024;31.08.2024
504002;Pont;20.20;31.08.2024;31.08.2024
504002;Unité Piquet;00.00;31.08.2024;31.08.2024
504002;Vacances;6.00;31.08.2024;31.08.2024
505008;Heures BAL;63.00;31.08.2024;31.08.2024
505008;Heures SUP;11.57;31.08.2024;31.08.2024
505008;Pont;19.80;31.08.2024;31.08.2024
505008;Unité Piquet;50.00;31.08.2024;31.08.2024
505008;Vacances;9.50;31.08.2024;31.08.2024
509002;Heures BAL;70.10;31.08.2024;31.08.2024
509002;Heures SUP;15.87;31.08.2024;31.08.2024
509002;Pont;21.80;31.08.2024;31.08.2024
509002;Unité Piquet;35.00;31.08.2024;31.08.2024
509002;Vacances;14.00;31.08.2024;31.08.2024
510001;Heures BAL;00.00;31.08.2024;31.08.2024
510001;Heures SUP;00.00;31.08.2024;31.08.2024
510001;Pont;00.00;31.08.2024;31.08.2024
510001;Unité Piquet;00.00;31.08.2024;31.08.2024
510001;Vacances;11.00;31.08.2024;31.08.2024
510002;Heures BAL;50.48;31.08.2024;31.08.2024
510002;Heures SUP;36.20;31.08.2024;31.08.2024
510002;Pont;21.60;31.08.2024;31.08.2024
510002;Unité Piquet;50.00;31.08.2024;31.08.2024
510002;Vacances;23.00;31.08.2024;31.08.2024
510010;Heures BAL;60.53;31.08.2024;31.08.2024
510010;Heures SUP;00.00;31.08.2024;31.08.2024
510010;Pont;15.10;31.08.2024;31.08.2024
510010;Unité Piquet;00.00;31.08.2024;31.08.2024
510010;Vacances;8.50;31.08.2024;31.08.2024
510011;Heures BAL;01.30;31.08.2024;31.08.2024
510011;Heures SUP;00.00;31.08.2024;31.08.2024
510011;Pont;14.00;31.08.2024;31.08.2024
510011;Unité Piquet;00.00;31.08.2024;31.08.2024
510011;Vacances;8.00;31.08.2024;31.08.2024
514001;Heures BAL;00.00;31.08.2024;31.08.2024
514001;Heures SUP;00.00;31.08.2024;31.08.2024
514001;Pont;00.00;31.08.2024;31.08.2024
514001;Unité Piquet;00.00;31.08.2024;31.08.2024
514001;Vacances;8.50;31.08.2024;31.08.2024
515002;Heures BAL;59.20;31.08.2024;31.08.2024
515002;Heures SUP;01.38;31.08.2024;31.08.2024
515002;Pont;19.80;31.08.2024;31.08.2024
515002;Unité Piquet;50.00;31.08.2024;31.08.2024
515002;Vacances;7.50;31.08.2024;31.08.2024
515003;Heures BAL;11.07;31.08.2024;31.08.2024
515003;Heures SUP;09.97;31.08.2024;31.08.2024
515003;Pont;20.20;31.08.2024;31.08.2024
515003;Unité Piquet;50.00;31.08.2024;31.08.2024
515003;Vacances;9.50;31.08.2024;31.08.2024
515004;Heures BAL;00.00;31.08.2024;31.08.2024
515004;Heures SUP;00.00;31.08.2024;31.08.2024
515004;Pont;00.00;31.08.2024;31.08.2024
515004;Unité Piquet;00.00;31.08.2024;31.08.2024
515004;Vacances;8.50;31.08.2024;31.08.2024
516001;Heures BAL;51.92;31.08.2024;31.08.2024
516001;Heures SUP;13.05;31.08.2024;31.08.2024
516001;Pont;20.00;31.08.2024;31.08.2024
516001;Unité Piquet;00.00;31.08.2024;31.08.2024
516001;Vacances;21.00;31.08.2024;31.08.2024
529001;Heures BAL;119.63;31.08.2024;31.08.2024
529001;Heures SUP;21.72;31.08.2024;31.08.2024
529001;Pont;22.20;31.08.2024;31.08.2024
529001;Unité Piquet;00.00;31.08.2024;31.08.2024
529001;Vacances;15.50;31.08.2024;31.08.2024
529002;Heures BAL;-02.58;31.08.2024;31.08.2024
529002;Heures SUP;00.00;31.08.2024;31.08.2024
529002;Pont;20.20;31.08.2024;31.08.2024
529002;Unité Piquet;00.00;31.08.2024;31.08.2024
529002;Vacances;5.00;31.08.2024;31.08.2024
532002;Heures BAL;61.08;31.08.2024;31.08.2024
532002;Heures SUP;07.60;31.08.2024;31.08.2024
532002;Pont;22.80;31.08.2024;31.08.2024
532002;Unité Piquet;00.00;31.08.2024;31.08.2024
532002;Vacances;14.00;31.08.2024;31.08.2024
534001;Heures BAL;04.50;31.08.2024;31.08.2024
534001;Heures SUP;04.62;31.08.2024;31.08.2024
534001;Pont;17.60;31.08.2024;31.08.2024
534001;Unité Piquet;00.00;31.08.2024;31.08.2024
534001;Vacances;11.00;31.08.2024;31.08.2024
535001;Heures BAL;00.00;31.08.2024;31.08.2024
535001;Heures SUP;00.00;31.08.2024;31.08.2024
535001;Pont;00.00;31.08.2024;31.08.2024
535001;Unité Piquet;00.00;31.08.2024;31.08.2024
535001;Vacances;59.50;31.08.2024;31.08.2024
538001;Heures BAL;87.18;31.08.2024;31.08.2024
538001;Heures SUP;59.07;31.08.2024;31.08.2024
538001;Pont;21.20;31.08.2024;31.08.2024
538001;Unité Piquet;00.00;31.08.2024;31.08.2024
538001;Vacances;21.00;31.08.2024;31.08.2024
539002;Heures BAL;86.62;31.08.2024;31.08.2024
539002;Heures SUP;06.70;31.08.2024;31.08.2024
539002;Pont;19.80;31.08.2024;31.08.2024
539002;Unité Piquet;00.00;31.08.2024;31.08.2024
539002;Vacances;2.00;31.08.2024;31.08.2024
541001;Heures BAL;-33.42;31.08.2024;31.08.2024
541001;Heures SUP;00.00;31.08.2024;31.08.2024
541001;Pont;02.10;31.08.2024;31.08.2024
541001;Unité Piquet;00.00;31.08.2024;31.08.2024
541001;Vacances;10.50;31.08.2024;31.08.2024
553006;Heures BAL;26.20;31.08.2024;31.08.2024
553006;Heures SUP;34.90;31.08.2024;31.08.2024
553006;Pont;29.60;31.08.2024;31.08.2024
553006;Unité Piquet;00.00;31.08.2024;31.08.2024
553006;Vacances;15.00;31.08.2024;31.08.2024
555002;Heures BAL;88.90;31.08.2024;31.08.2024
555002;Heures SUP;00.00;31.08.2024;31.08.2024
555002;Pont;15.93;31.08.2024;31.08.2024
555002;Unité Piquet;00.00;31.08.2024;31.08.2024
555002;Vacances;8.50;31.08.2024;31.08.2024
555003;Heures BAL;07.97;31.08.2024;31.08.2024
555003;Heures SUP;61.10;31.08.2024;31.08.2024
555003;Pont;23.40;31.08.2024;31.08.2024
555003;Unité Piquet;00.00;31.08.2024;31.08.2024
555003;Vacances;21.00;31.08.2024;31.08.2024
562001;Heures BAL;13.27;31.08.2024;31.08.2024
562001;Heures SUP;02.47;31.08.2024;31.08.2024
562001;Pont;21.40;31.08.2024;31.08.2024
562001;Unité Piquet;00.00;31.08.2024;31.08.2024
562001;Vacances;6.00;31.08.2024;31.08.2024
562002;Heures BAL;133.42;31.08.2024;31.08.2024
562002;Heures SUP;71.27;31.08.2024;31.08.2024
562002;Pont;21.00;31.08.2024;31.08.2024
562002;Unité Piquet;00.00;31.08.2024;31.08.2024
562002;Vacances;11.00;31.08.2024;31.08.2024
573002;Heures BAL;04.93;31.08.2024;31.08.2024
573002;Heures SUP;00.00;31.08.2024;31.08.2024
573002;Pont;04.00;31.08.2024;31.08.2024
573002;Unité Piquet;00.00;31.08.2024;31.08.2024
573002;Vacances;9.50;31.08.2024;31.08.2024
576003;Heures BAL;29.07;31.08.2024;31.08.2024
576003;Heures SUP;00.00;31.08.2024;31.08.2024
576003;Pont;21.60;31.08.2024;31.08.2024
576003;Unité Piquet;00.00;31.08.2024;31.08.2024
576003;Vacances;9.00;31.08.2024;31.08.2024
584002;Heures BAL;15.93;31.08.2024;31.08.2024
584002;Heures SUP;00.00;31.08.2024;31.08.2024
584002;Pont;18.80;31.08.2024;31.08.2024
584002;Unité Piquet;00.00;31.08.2024;31.08.2024
584002;Vacances;4.50;31.08.2024;31.08.2024
587001;Heures BAL;00.00;31.08.2024;31.08.2024
587001;Heures SUP;00.00;31.08.2024;31.08.2024
587001;Pont;00.00;31.08.2024;31.08.2024
587001;Unité Piquet;00.00;31.08.2024;31.08.2024
587001;Vacances;17.00;31.08.2024;31.08.2024
595003;Heures BAL;25.43;31.08.2024;31.08.2024
595003;Heures SUP;15.92;31.08.2024;31.08.2024
595003;Pont;22.00;31.08.2024;31.08.2024
595003;Unité Piquet;00.00;31.08.2024;31.08.2024
595003;Vacances;16.50;31.08.2024;31.08.2024
611002;Heures BAL;37.93;31.08.2024;31.08.2024
611002;Heures SUP;27.90;31.08.2024;31.08.2024
611002;Pont;19.00;31.08.2024;31.08.2024
611002;Unité Piquet;00.00;31.08.2024;31.08.2024
611002;Vacances;0.50;31.08.2024;31.08.2024
612001;Heures BAL;-12.42;31.08.2024;31.08.2024
612001;Heures SUP;00.00;31.08.2024;31.08.2024
612001;Pont;20.80;31.08.2024;31.08.2024
612001;Unité Piquet;00.00;31.08.2024;31.08.2024
612001;Vacances;14.50;31.08.2024;31.08.2024
613001;Heures BAL;18.12;31.08.2024;31.08.2024
613001;Heures SUP;00.15;31.08.2024;31.08.2024
613001;Pont;21.00;31.08.2024;31.08.2024
613001;Unité Piquet;00.00;31.08.2024;31.08.2024
613001;Vacances;5.00;31.08.2024;31.08.2024
613002;Heures BAL;11.73;31.08.2024;31.08.2024
613002;Heures SUP;13.33;31.08.2024;31.08.2024
613002;Pont;18.35;31.08.2024;31.08.2024
613002;Unité Piquet;00.00;31.08.2024;31.08.2024
613002;Vacances;3.00;31.08.2024;31.08.2024
615001;Heures BAL;10.22;31.08.2024;31.08.2024
615001;Heures SUP;-02.10;31.08.2024;31.08.2024
615001;Pont;18.83;31.08.2024;31.08.2024
615001;Unité Piquet;00.00;31.08.2024;31.08.2024
615001;Vacances;9.00;31.08.2024;31.08.2024
615002;Heures BAL;115.88;31.08.2024;31.08.2024
615002;Heures SUP;07.17;31.08.2024;31.08.2024
615002;Pont;20.60;31.08.2024;31.08.2024
615002;Unité Piquet;40.00;31.08.2024;31.08.2024
615002;Vacances;2.00;31.08.2024;31.08.2024
622001;Heures BAL;51.70;31.08.2024;31.08.2024
622001;Heures SUP;00.00;31.08.2024;31.08.2024
622001;Pont;10.80;31.08.2024;31.08.2024
622001;Unité Piquet;00.00;31.08.2024;31.08.2024
622001;Vacances;14.00;31.08.2024;31.08.2024
624001;Heures BAL;154.63;31.08.2024;31.08.2024
624001;Heures SUP;00.00;31.08.2024;31.08.2024
624001;Pont;21.80;31.08.2024;31.08.2024
624001;Unité Piquet;00.00;31.08.2024;31.08.2024
624001;Vacances;31.50;31.08.2024;31.08.2024
625002;Heures BAL;53.92;31.08.2024;31.08.2024
625002;Heures SUP;10.57;31.08.2024;31.08.2024
625002;Pont;22.40;31.08.2024;31.08.2024
625002;Unité Piquet;00.00;31.08.2024;31.08.2024
625002;Vacances;22.00;31.08.2024;31.08.2024
625003;Heures BAL;00.00;31.08.2024;31.08.2024
625003;Heures SUP;00.00;31.08.2024;31.08.2024
625003;Pont;00.00;31.08.2024;31.08.2024
625003;Unité Piquet;00.00;31.08.2024;31.08.2024
625003;Vacances;0.00;31.08.2024;31.08.2024
627001;Heures BAL;24.25;31.08.2024;31.08.2024
627001;Heures SUP;15.15;31.08.2024;31.08.2024
627001;Pont;20.00;31.08.2024;31.08.2024
627001;Unité Piquet;00.00;31.08.2024;31.08.2024
627001;Vacances;5.00;31.08.2024;31.08.2024
628002;Heures BAL;28.15;31.08.2024;31.08.2024
628002;Heures SUP;03.20;31.08.2024;31.08.2024
628002;Pont;22.40;31.08.2024;31.08.2024
628002;Unité Piquet;00.00;31.08.2024;31.08.2024
628002;Vacances;8.00;31.08.2024;31.08.2024
628005;Heures BAL;47.43;31.08.2024;31.08.2024
628005;Heures SUP;00.00;31.08.2024;31.08.2024
628005;Pont;19.80;31.08.2024;31.08.2024
628005;Unité Piquet;00.00;31.08.2024;31.08.2024
628005;Vacances;9.50;31.08.2024;31.08.2024
628006;Heures BAL;00.78;31.08.2024;31.08.2024
628006;Heures SUP;00.00;31.08.2024;31.08.2024
628006;Pont;04.20;31.08.2024;31.08.2024
628006;Unité Piquet;00.00;31.08.2024;31.08.2024
628006;Vacances;12.50;31.08.2024;31.08.2024
629002;Heures BAL;-02.63;31.08.2024;31.08.2024
629002;Heures SUP;00.00;31.08.2024;31.08.2024
629002;Pont;02.00;31.08.2024;31.08.2024
629002;Unité Piquet;00.00;31.08.2024;31.08.2024
629002;Vacances;0.00;31.08.2024;31.08.2024
630005;Heures BAL;21.32;31.08.2024;31.08.2024
630005;Heures SUP;00.00;31.08.2024;31.08.2024
630005;Pont;11.00;31.08.2024;31.08.2024
630005;Unité Piquet;00.00;31.08.2024;31.08.2024
630005;Vacances;11.00;31.08.2024;31.08.2024
631001;Heures BAL;65.32;31.08.2024;31.08.2024
631001;Heures SUP;50.00;31.08.2024;31.08.2024
631001;Pont;20.40;31.08.2024;31.08.2024
631001;Unité Piquet;00.00;31.08.2024;31.08.2024
631001;Vacances;12.00;31.08.2024;31.08.2024
631002;Heures BAL;00.00;31.08.2024;31.08.2024
631002;Heures SUP;01.75;31.08.2024;31.08.2024
631002;Pont;00.00;31.08.2024;31.08.2024
631002;Unité Piquet;00.00;31.08.2024;31.08.2024
631002;Vacances;25.50;31.08.2024;31.08.2024
631003;Heures BAL;72.37;31.08.2024;31.08.2024
631003;Heures SUP;49.55;31.08.2024;31.08.2024
631003;Pont;20.40;31.08.2024;31.08.2024
631003;Unité Piquet;00.00;31.08.2024;31.08.2024
631003;Vacances;16.50;31.08.2024;31.08.2024
631006;Heures BAL;161.30;31.08.2024;31.08.2024
631006;Heures SUP;18.20;31.08.2024;31.08.2024
631006;Pont;20.80;31.08.2024;31.08.2024
631006;Unité Piquet;00.00;31.08.2024;31.08.2024
631006;Vacances;6.50;31.08.2024;31.08.2024
631007;Heures BAL;22.23;31.08.2024;31.08.2024
631007;Heures SUP;00.92;31.08.2024;31.08.2024
631007;Pont;16.00;31.08.2024;31.08.2024
631007;Unité Piquet;00.00;31.08.2024;31.08.2024
631007;Vacances;21.50;31.08.2024;31.08.2024
631011;Heures BAL;00.00;31.08.2024;31.08.2024
631011;Heures SUP;00.00;31.08.2024;31.08.2024
631011;Pont;00.00;31.08.2024;31.08.2024
631011;Unité Piquet;00.00;31.08.2024;31.08.2024
631011;Vacances;0.00;31.08.2024;31.08.2024
631014;Heures BAL;00.00;31.08.2024;31.08.2024
631014;Heures SUP;00.00;31.08.2024;31.08.2024
631014;Pont;00.00;31.08.2024;31.08.2024
631014;Unité Piquet;00.00;31.08.2024;31.08.2024
631014;Vacances;22.50;31.08.2024;31.08.2024
633001;Heures BAL;58.72;31.08.2024;31.08.2024
633001;Heures SUP;00.00;31.08.2024;31.08.2024
633001;Pont;16.27;31.08.2024;31.08.2024
633001;Unité Piquet;00.00;31.08.2024;31.08.2024
633001;Vacances;15.00;31.08.2024;31.08.2024
633002;Heures BAL;10.53;31.08.2024;31.08.2024
633002;Heures SUP;22.00;31.08.2024;31.08.2024
633002;Pont;22.20;31.08.2024;31.08.2024
633002;Unité Piquet;50.00;31.08.2024;31.08.2024
633002;Vacances;12.00;31.08.2024;31.08.2024
633003;Heures BAL;-02.50;31.08.2024;31.08.2024
633003;Heures SUP;09.35;31.08.2024;31.08.2024
633003;Pont;15.87;31.08.2024;31.08.2024
633003;Unité Piquet;00.00;31.08.2024;31.08.2024
633003;Vacances;15.00;31.08.2024;31.08.2024
635001;Heures BAL;19.03;31.08.2024;31.08.2024
635001;Heures SUP;00.00;31.08.2024;31.08.2024
635001;Pont;13.60;31.08.2024;31.08.2024
635001;Unité Piquet;00.00;31.08.2024;31.08.2024
635001;Vacances;6.00;31.08.2024;31.08.2024
635002;Heures BAL;00.00;31.08.2024;31.08.2024
635002;Heures SUP;00.00;31.08.2024;31.08.2024
635002;Pont;00.00;31.08.2024;31.08.2024
635002;Unité Piquet;00.00;31.08.2024;31.08.2024
635002;Vacances;8.50;31.08.2024;31.08.2024
637001;Heures BAL;18.22;31.08.2024;31.08.2024
637001;Heures SUP;00.00;31.08.2024;31.08.2024
637001;Pont;22.20;31.08.2024;31.08.2024
637001;Unité Piquet;00.00;31.08.2024;31.08.2024
637001;Vacances;23.50;31.08.2024;31.08.2024
637006;Heures BAL;00.00;31.08.2024;31.08.2024
637006;Heures SUP;00.00;31.08.2024;31.08.2024
637006;Pont;00.00;31.08.2024;31.08.2024
637006;Unité Piquet;00.00;31.08.2024;31.08.2024
637006;Vacances;15.50;31.08.2024;31.08.2024
637007;Heures BAL;35.60;31.08.2024;31.08.2024
637007;Heures SUP;27.92;31.08.2024;31.08.2024
637007;Pont;08.10;31.08.2024;31.08.2024
637007;Unité Piquet;00.00;31.08.2024;31.08.2024
637007;Vacances;8.00;31.08.2024;31.08.2024
638001;Heures BAL;51.55;31.08.2024;31.08.2024
638001;Heures SUP;41.87;31.08.2024;31.08.2024
638001;Pont;20.80;31.08.2024;31.08.2024
638001;Unité Piquet;00.00;31.08.2024;31.08.2024
638001;Vacances;17.00;31.08.2024;31.08.2024
638002;Heures BAL;00.00;31.08.2024;31.08.2024
638002;Heures SUP;00.00;31.08.2024;31.08.2024
638002;Pont;00.00;31.08.2024;31.08.2024
638002;Unité Piquet;00.00;31.08.2024;31.08.2024
638002;Vacances;0.00;31.08.2024;31.08.2024
639003;Heures BAL;08.37;31.08.2024;31.08.2024
639003;Heures SUP;-02.50;31.08.2024;31.08.2024
639003;Pont;21.40;31.08.2024;31.08.2024
639003;Unité Piquet;00.00;31.08.2024;31.08.2024
639003;Vacances;13.00;31.08.2024;31.08.2024
641001;Heures BAL;01.28;31.08.2024;31.08.2024
641001;Heures SUP;00.00;31.08.2024;31.08.2024
641001;Pont;21.20;31.08.2024;31.08.2024
641001;Unité Piquet;00.00;31.08.2024;31.08.2024
641001;Vacances;13.00;31.08.2024;31.08.2024
643001;Heures BAL;54.00;31.08.2024;31.08.2024
643001;Heures SUP;02.38;31.08.2024;31.08.2024
643001;Pont;23.80;31.08.2024;31.08.2024
643001;Unité Piquet;00.00;31.08.2024;31.08.2024
643001;Vacances;24.00;31.08.2024;31.08.2024
643002;Heures BAL;75.02;31.08.2024;31.08.2024
643002;Heures SUP;36.70;31.08.2024;31.08.2024
643002;Pont;21.60;31.08.2024;31.08.2024
643002;Unité Piquet;00.00;31.08.2024;31.08.2024
643002;Vacances;11.00;31.08.2024;31.08.2024
646001;Heures BAL;00.00;31.08.2024;31.08.2024
646001;Heures SUP;00.00;31.08.2024;31.08.2024
646001;Pont;00.00;31.08.2024;31.08.2024
646001;Unité Piquet;00.00;31.08.2024;31.08.2024
646001;Vacances;0.00;31.08.2024;31.08.2024
651001;Heures BAL;01.03;31.08.2024;31.08.2024
651001;Heures SUP;05.17;31.08.2024;31.08.2024
651001;Pont;23.40;31.08.2024;31.08.2024
651001;Unité Piquet;00.00;31.08.2024;31.08.2024
651001;Vacances;20.00;31.08.2024;31.08.2024
651002;Heures BAL;-13.23;31.08.2024;31.08.2024
651002;Heures SUP;04.62;31.08.2024;31.08.2024
651002;Pont;20.00;31.08.2024;31.08.2024
651002;Unité Piquet;00.00;31.08.2024;31.08.2024
651002;Vacances;0.00;31.08.2024;31.08.2024
651003;Heures BAL;00.00;31.08.2024;31.08.2024
651003;Heures SUP;00.00;31.08.2024;31.08.2024
651003;Pont;00.00;31.08.2024;31.08.2024
651003;Unité Piquet;00.00;31.08.2024;31.08.2024
651003;Vacances;26.50;31.08.2024;31.08.2024
653001;Heures BAL;01.42;31.08.2024;31.08.2024
653001;Heures SUP;00.00;31.08.2024;31.08.2024
653001;Pont;06.60;31.08.2024;31.08.2024
653001;Unité Piquet;00.00;31.08.2024;31.08.2024
653001;Vacances;7.00;31.08.2024;31.08.2024
655001;Heures BAL;28.62;31.08.2024;31.08.2024
655001;Heures SUP;17.80;31.08.2024;31.08.2024
655001;Pont;22.70;31.08.2024;31.08.2024
655001;Unité Piquet;00.00;31.08.2024;31.08.2024
655001;Vacances;19.00;31.08.2024;31.08.2024
657001;Heures BAL;06.78;31.08.2024;31.08.2024
657001;Heures SUP;01.75;31.08.2024;31.08.2024
657001;Pont;19.00;31.08.2024;31.08.2024
657001;Unité Piquet;00.00;31.08.2024;31.08.2024
657001;Vacances;4.50;31.08.2024;31.08.2024
658002;Heures BAL;35.55;31.08.2024;31.08.2024
658002;Heures SUP;37.30;31.08.2024;31.08.2024
658002;Pont;19.80;31.08.2024;31.08.2024
658002;Unité Piquet;00.00;31.08.2024;31.08.2024
658002;Vacances;17.00;31.08.2024;31.08.2024
661002;Heures BAL;04.60;31.08.2024;31.08.2024
661002;Heures SUP;40.30;31.08.2024;31.08.2024
661002;Pont;21.20;31.08.2024;31.08.2024
661002;Unité Piquet;00.00;31.08.2024;31.08.2024
661002;Vacances;4.00;31.08.2024;31.08.2024
663001;Heures BAL;03.80;31.08.2024;31.08.2024
663001;Heures SUP;00.00;31.08.2024;31.08.2024
663001;Pont;21.00;31.08.2024;31.08.2024
663001;Unité Piquet;00.00;31.08.2024;31.08.2024
663001;Vacances;6.50;31.08.2024;31.08.2024
664001;Heures BAL;66.70;31.08.2024;31.08.2024
664001;Heures SUP;00.00;31.08.2024;31.08.2024
664001;Pont;09.90;31.08.2024;31.08.2024
664001;Unité Piquet;00.00;31.08.2024;31.08.2024
664001;Vacances;10.00;31.08.2024;31.08.2024
664002;Heures BAL;16.55;31.08.2024;31.08.2024
664002;Heures SUP;00.00;31.08.2024;31.08.2024
664002;Pont;05.60;31.08.2024;31.08.2024
664002;Unité Piquet;00.00;31.08.2024;31.08.2024
664002;Vacances;2.00;31.08.2024;31.08.2024
665001;Heures BAL;28.02;31.08.2024;31.08.2024
665001;Heures SUP;06.95;31.08.2024;31.08.2024
665001;Pont;20.60;31.08.2024;31.08.2024
665001;Unité Piquet;00.00;31.08.2024;31.08.2024
665001;Vacances;21.00;31.08.2024;31.08.2024
666001;Heures BAL;06.88;31.08.2024;31.08.2024
666001;Heures SUP;00.63;31.08.2024;31.08.2024
666001;Pont;18.60;31.08.2024;31.08.2024
666001;Unité Piquet;50.00;31.08.2024;31.08.2024
666001;Vacances;5.00;31.08.2024;31.08.2024
667003;Heures BAL;67.00;31.08.2024;31.08.2024
667003;Heures SUP;15.32;31.08.2024;31.08.2024
667003;Pont;21.80;31.08.2024;31.08.2024
667003;Unité Piquet;00.00;31.08.2024;31.08.2024
667003;Vacances;14.00;31.08.2024;31.08.2024
667005;Heures BAL;00.00;31.08.2024;31.08.2024
667005;Heures SUP;00.00;31.08.2024;31.08.2024
667005;Pont;00.00;31.08.2024;31.08.2024
667005;Unité Piquet;00.00;31.08.2024;31.08.2024
667005;Vacances;0.00;31.08.2024;31.08.2024
674001;Heures BAL;41.38;31.08.2024;31.08.2024
674001;Heures SUP;00.00;31.08.2024;31.08.2024
674001;Pont;21.40;31.08.2024;31.08.2024
674001;Unité Piquet;00.00;31.08.2024;31.08.2024
674001;Vacances;12.00;31.08.2024;31.08.2024
676001;Heures BAL;00.00;31.08.2024;31.08.2024
676001;Heures SUP;00.00;31.08.2024;31.08.2024
676001;Pont;00.00;31.08.2024;31.08.2024
676001;Unité Piquet;00.00;31.08.2024;31.08.2024
676001;Vacances;0.00;31.08.2024;31.08.2024
680002;Heures BAL;00.25;31.08.2024;31.08.2024
680002;Heures SUP;00.00;31.08.2024;31.08.2024
680002;Pont;22.80;31.08.2024;31.08.2024
680002;Unité Piquet;00.00;31.08.2024;31.08.2024
680002;Vacances;9.00;31.08.2024;31.08.2024
686001;Heures BAL;47.73;31.08.2024;31.08.2024
686001;Heures SUP;06.50;31.08.2024;31.08.2024
686001;Pont;21.20;31.08.2024;31.08.2024
686001;Unité Piquet;00.00;31.08.2024;31.08.2024
686001;Vacances;8.50;31.08.2024;31.08.2024
686003;Heures BAL;04.10;31.08.2024;31.08.2024
686003;Heures SUP;06.07;31.08.2024;31.08.2024
686003;Pont;18.60;31.08.2024;31.08.2024
686003;Unité Piquet;00.00;31.08.2024;31.08.2024
686003;Vacances;12.00;31.08.2024;31.08.2024
687002;Heures BAL;00.00;31.08.2024;31.08.2024
687002;Heures SUP;00.00;31.08.2024;31.08.2024
687002;Pont;00.00;31.08.2024;31.08.2024
687002;Unité Piquet;00.00;31.08.2024;31.08.2024
687002;Vacances;8.50;31.08.2024;31.08.2024
690002;Heures BAL;223.55;31.08.2024;31.08.2024
690002;Heures SUP;67.22;31.08.2024;31.08.2024
690002;Pont;19.20;31.08.2024;31.08.2024
690002;Unité Piquet;00.00;31.08.2024;31.08.2024
690002;Vacances;6.00;31.08.2024;31.08.2024
695003;Heures BAL;57.87;31.08.2024;31.08.2024
695003;Heures SUP;07.92;31.08.2024;31.08.2024
695003;Pont;21.20;31.08.2024;31.08.2024
695003;Unité Piquet;00.00;31.08.2024;31.08.2024
695003;Vacances;15.00;31.08.2024;31.08.2024
695004;Heures BAL;06.70;31.08.2024;31.08.2024
695004;Heures SUP;01.50;31.08.2024;31.08.2024
695004;Pont;20.20;31.08.2024;31.08.2024
695004;Unité Piquet;00.00;31.08.2024;31.08.2024
695004;Vacances;7.00;31.08.2024;31.08.2024
695005;Heures BAL;15.43;31.08.2024;31.08.2024
695005;Heures SUP;04.07;31.08.2024;31.08.2024
695005;Pont;21.00;31.08.2024;31.08.2024
695005;Unité Piquet;00.00;31.08.2024;31.08.2024
695005;Vacances;10.00;31.08.2024;31.08.2024
695006;Heures BAL;00.00;31.08.2024;31.08.2024
695006;Heures SUP;00.00;31.08.2024;31.08.2024
695006;Pont;00.00;31.08.2024;31.08.2024
695006;Unité Piquet;00.00;31.08.2024;31.08.2024
695006;Vacances;15.50;31.08.2024;31.08.2024
696001;Heures BAL;75.28;31.08.2024;31.08.2024
696001;Heures SUP;00.00;31.08.2024;31.08.2024
696001;Pont;14.27;31.08.2024;31.08.2024
696001;Unité Piquet;00.00;31.08.2024;31.08.2024
696001;Vacances;5.00;31.08.2024;31.08.2024
700003;Heures BAL;42.10;31.08.2024;31.08.2024
700003;Heures SUP;12.52;31.08.2024;31.08.2024
700003;Pont;11.60;31.08.2024;31.08.2024
700003;Unité Piquet;00.00;31.08.2024;31.08.2024
700003;Vacances;13.00;31.08.2024;31.08.2024
701002;Heures BAL;134.10;31.08.2024;31.08.2024
701002;Heures SUP;44.62;31.08.2024;31.08.2024
701002;Pont;20.80;31.08.2024;31.08.2024
701002;Unité Piquet;00.00;31.08.2024;31.08.2024
701002;Vacances;26.00;31.08.2024;31.08.2024
701003;Heures BAL;43.05;31.08.2024;31.08.2024
701003;Heures SUP;44.82;31.08.2024;31.08.2024
701003;Pont;20.80;31.08.2024;31.08.2024
701003;Unité Piquet;50.00;31.08.2024;31.08.2024
701003;Vacances;9.00;31.08.2024;31.08.2024
701007;Heures BAL;20.47;31.08.2024;31.08.2024
701007;Heures SUP;00.00;31.08.2024;31.08.2024
701007;Pont;19.80;31.08.2024;31.08.2024
701007;Unité Piquet;00.00;31.08.2024;31.08.2024
701007;Vacances;9.00;31.08.2024;31.08.2024
702001;Heures BAL;111.57;31.08.2024;31.08.2024
702001;Heures SUP;50.00;31.08.2024;31.08.2024
702001;Pont;21.60;31.08.2024;31.08.2024
702001;Unité Piquet;00.00;31.08.2024;31.08.2024
702001;Vacances;17.50;31.08.2024;31.08.2024
703002;Heures BAL;-00.97;31.08.2024;31.08.2024
703002;Heures SUP;00.00;31.08.2024;31.08.2024
703002;Pont;17.90;31.08.2024;31.08.2024
703002;Unité Piquet;00.00;31.08.2024;31.08.2024
703002;Vacances;5.50;31.08.2024;31.08.2024
704003;Heures BAL;38.78;31.08.2024;31.08.2024
704003;Heures SUP;00.00;31.08.2024;31.08.2024
704003;Pont;17.10;31.08.2024;31.08.2024
704003;Unité Piquet;00.00;31.08.2024;31.08.2024
704003;Vacances;6.00;31.08.2024;31.08.2024
704004;Heures BAL;67.00;31.08.2024;31.08.2024
704004;Heures SUP;00.00;31.08.2024;31.08.2024
704004;Pont;23.80;31.08.2024;31.08.2024
704004;Unité Piquet;00.00;31.08.2024;31.08.2024
704004;Vacances;21.50;31.08.2024;31.08.2024
705002;Heures BAL;-05.85;31.08.2024;31.08.2024
705002;Heures SUP;00.62;31.08.2024;31.08.2024
705002;Pont;08.85;31.08.2024;31.08.2024
705002;Unité Piquet;00.00;31.08.2024;31.08.2024
705002;Vacances;11.00;31.08.2024;31.08.2024
706004;Heures BAL;49.15;31.08.2024;31.08.2024
706004;Heures SUP;05.63;31.08.2024;31.08.2024
706004;Pont;18.65;31.08.2024;31.08.2024
706004;Unité Piquet;00.00;31.08.2024;31.08.2024
706004;Vacances;17.00;31.08.2024;31.08.2024
707005;Heures BAL;113.73;31.08.2024;31.08.2024
707005;Heures SUP;27.73;31.08.2024;31.08.2024
707005;Pont;20.80;31.08.2024;31.08.2024
707005;Unité Piquet;00.00;31.08.2024;31.08.2024
707005;Vacances;8.00;31.08.2024;31.08.2024
707010;Heures BAL;30.92;31.08.2024;31.08.2024
707010;Heures SUP;37.08;31.08.2024;31.08.2024
707010;Pont;20.40;31.08.2024;31.08.2024
707010;Unité Piquet;00.00;31.08.2024;31.08.2024
707010;Vacances;10.00;31.08.2024;31.08.2024
707011;Heures BAL;20.12;31.08.2024;31.08.2024
707011;Heures SUP;00.15;31.08.2024;31.08.2024
707011;Pont;15.55;31.08.2024;31.08.2024
707011;Unité Piquet;00.00;31.08.2024;31.08.2024
707011;Vacances;10.00;31.08.2024;31.08.2024
707012;Heures BAL;112.03;31.08.2024;31.08.2024
707012;Heures SUP;28.07;31.08.2024;31.08.2024
707012;Pont;19.60;31.08.2024;31.08.2024
707012;Unité Piquet;00.00;31.08.2024;31.08.2024
707012;Vacances;0.00;31.08.2024;31.08.2024
707013;Heures BAL;-47.33;31.08.2024;31.08.2024
707013;Heures SUP;52.47;31.08.2024;31.08.2024
707013;Pont;18.93;31.08.2024;31.08.2024
707013;Unité Piquet;00.00;31.08.2024;31.08.2024
707013;Vacances;12.00;31.08.2024;31.08.2024
708003;Heures BAL;87.82;31.08.2024;31.08.2024
708003;Heures SUP;45.80;31.08.2024;31.08.2024
708003;Pont;23.40;31.08.2024;31.08.2024
708003;Unité Piquet;00.00;31.08.2024;31.08.2024
708003;Vacances;25.00;31.08.2024;31.08.2024
708005;Heures BAL;12.27;31.08.2024;31.08.2024
708005;Heures SUP;-01.83;31.08.2024;31.08.2024
708005;Pont;21.60;31.08.2024;31.08.2024
708005;Unité Piquet;00.00;31.08.2024;31.08.2024
708005;Vacances;4.00;31.08.2024;31.08.2024
711003;Heures BAL;87.22;31.08.2024;31.08.2024
711003;Heures SUP;16.20;31.08.2024;31.08.2024
711003;Pont;22.40;31.08.2024;31.08.2024
711003;Unité Piquet;00.00;31.08.2024;31.08.2024
711003;Vacances;11.00;31.08.2024;31.08.2024
715004;Heures BAL;00.00;31.08.2024;31.08.2024
715004;Heures SUP;00.00;31.08.2024;31.08.2024
715004;Pont;00.00;31.08.2024;31.08.2024
715004;Unité Piquet;00.00;31.08.2024;31.08.2024
715004;Vacances;11.50;31.08.2024;31.08.2024
715005;Heures BAL;00.00;31.08.2024;31.08.2024
715005;Heures SUP;00.00;31.08.2024;31.08.2024
715005;Pont;00.00;31.08.2024;31.08.2024
715005;Unité Piquet;00.00;31.08.2024;31.08.2024
715005;Vacances;0.00;31.08.2024;31.08.2024
716001;Heures BAL;63.42;31.08.2024;31.08.2024
716001;Heures SUP;17.70;31.08.2024;31.08.2024
716001;Pont;20.00;31.08.2024;31.08.2024
716001;Unité Piquet;50.00;31.08.2024;31.08.2024
716001;Vacances;5.00;31.08.2024;31.08.2024
716004;Heures BAL;04.77;31.08.2024;31.08.2024
716004;Heures SUP;13.02;31.08.2024;31.08.2024
716004;Pont;21.00;31.08.2024;31.08.2024
716004;Unité Piquet;00.00;31.08.2024;31.08.2024
716004;Vacances;19.00;31.08.2024;31.08.2024
717006;Heures BAL;92.18;31.08.2024;31.08.2024
717006;Heures SUP;52.27;31.08.2024;31.08.2024
717006;Pont;20.00;31.08.2024;31.08.2024
717006;Unité Piquet;00.00;31.08.2024;31.08.2024
717006;Vacances;6.00;31.08.2024;31.08.2024
717007;Heures BAL;71.97;31.08.2024;31.08.2024
717007;Heures SUP;03.22;31.08.2024;31.08.2024
717007;Pont;28.60;31.08.2024;31.08.2024
717007;Unité Piquet;00.00;31.08.2024;31.08.2024
717007;Vacances;-3.50;31.08.2024;31.08.2024
717009;Heures BAL;84.25;31.08.2024;31.08.2024
717009;Heures SUP;00.00;31.08.2024;31.08.2024
717009;Pont;21.40;31.08.2024;31.08.2024
717009;Unité Piquet;00.00;31.08.2024;31.08.2024
717009;Vacances;24.00;31.08.2024;31.08.2024
717010;Heures BAL;00.00;31.08.2024;31.08.2024
717010;Heures SUP;00.00;31.08.2024;31.08.2024
717010;Pont;00.00;31.08.2024;31.08.2024
717010;Unité Piquet;00.00;31.08.2024;31.08.2024
717010;Vacances;8.50;31.08.2024;31.08.2024
718001;Heures BAL;94.62;31.08.2024;31.08.2024
718001;Heures SUP;05.13;31.08.2024;31.08.2024
718001;Pont;19.60;31.08.2024;31.08.2024
718001;Unité Piquet;00.00;31.08.2024;31.08.2024
718001;Vacances;5.00;31.08.2024;31.08.2024
718002;Heures BAL;80.27;31.08.2024;31.08.2024
718002;Heures SUP;47.48;31.08.2024;31.08.2024
718002;Pont;19.40;31.08.2024;31.08.2024
718002;Unité Piquet;00.00;31.08.2024;31.08.2024
718002;Vacances;7.00;31.08.2024;31.08.2024
718005;Heures BAL;42.72;31.08.2024;31.08.2024
718005;Heures SUP;56.92;31.08.2024;31.08.2024
718005;Pont;22.20;31.08.2024;31.08.2024
718005;Unité Piquet;00.00;31.08.2024;31.08.2024
718005;Vacances;13.00;31.08.2024;31.08.2024
720005;Heures BAL;00.00;31.08.2024;31.08.2024
720005;Heures SUP;00.00;31.08.2024;31.08.2024
720005;Pont;00.00;31.08.2024;31.08.2024
720005;Unité Piquet;00.00;31.08.2024;31.08.2024
720005;Vacances;-7.50;31.08.2024;31.08.2024
722002;Heures BAL;25.22;31.08.2024;31.08.2024
722002;Heures SUP;03.92;31.08.2024;31.08.2024
722002;Pont;21.20;31.08.2024;31.08.2024
722002;Unité Piquet;00.00;31.08.2024;31.08.2024
722002;Vacances;12.50;31.08.2024;31.08.2024
722003;Heures BAL;46.60;31.08.2024;31.08.2024
722003;Heures SUP;20.43;31.08.2024;31.08.2024
722003;Pont;22.00;31.08.2024;31.08.2024
722003;Unité Piquet;00.00;31.08.2024;31.08.2024
722003;Vacances;11.50;31.08.2024;31.08.2024
723005;Heures BAL;31.93;31.08.2024;31.08.2024
723005;Heures SUP;10.13;31.08.2024;31.08.2024
723005;Pont;20.80;31.08.2024;31.08.2024
723005;Unité Piquet;00.00;31.08.2024;31.08.2024
723005;Vacances;5.00;31.08.2024;31.08.2024
724003;Heures BAL;16.45;31.08.2024;31.08.2024
724003;Heures SUP;40.32;31.08.2024;31.08.2024
724003;Pont;16.13;31.08.2024;31.08.2024
724003;Unité Piquet;00.00;31.08.2024;31.08.2024
724003;Vacances;16.50;31.08.2024;31.08.2024
724004;Heures BAL;78.52;31.08.2024;31.08.2024
724004;Heures SUP;00.42;31.08.2024;31.08.2024
724004;Pont;21.60;31.08.2024;31.08.2024
724004;Unité Piquet;00.00;31.08.2024;31.08.2024
724004;Vacances;15.00;31.08.2024;31.08.2024
725005;Heures BAL;110.47;31.08.2024;31.08.2024
725005;Heures SUP;48.53;31.08.2024;31.08.2024
725005;Pont;22.80;31.08.2024;31.08.2024
725005;Unité Piquet;50.00;31.08.2024;31.08.2024
725005;Vacances;16.00;31.08.2024;31.08.2024
726001;Heures BAL;57.03;31.08.2024;31.08.2024
726001;Heures SUP;34.48;31.08.2024;31.08.2024
726001;Pont;18.28;31.08.2024;31.08.2024
726001;Unité Piquet;00.00;31.08.2024;31.08.2024
726001;Vacances;9.00;31.08.2024;31.08.2024
728001;Heures BAL;01.68;31.08.2024;31.08.2024
728001;Heures SUP;56.15;31.08.2024;31.08.2024
728001;Pont;21.20;31.08.2024;31.08.2024
728001;Unité Piquet;00.00;31.08.2024;31.08.2024
728001;Vacances;17.00;31.08.2024;31.08.2024
729001;Heures BAL;-14.82;31.08.2024;31.08.2024
729001;Heures SUP;00.00;31.08.2024;31.08.2024
729001;Pont;20.73;31.08.2024;31.08.2024
729001;Unité Piquet;00.00;31.08.2024;31.08.2024
729001;Vacances;6.50;31.08.2024;31.08.2024
729002;Heures BAL;03.45;31.08.2024;31.08.2024
729002;Heures SUP;19.82;31.08.2024;31.08.2024
729002;Pont;17.60;31.08.2024;31.08.2024
729002;Unité Piquet;00.00;31.08.2024;31.08.2024
729002;Vacances;10.50;31.08.2024;31.08.2024
729003;Heures BAL;-12.47;31.08.2024;31.08.2024
729003;Heures SUP;07.22;31.08.2024;31.08.2024
729003;Pont;19.70;31.08.2024;31.08.2024
729003;Unité Piquet;00.00;31.08.2024;31.08.2024
729003;Vacances;31.00;31.08.2024;31.08.2024
731001;Heures BAL;138.53;31.08.2024;31.08.2024
731001;Heures SUP;45.62;31.08.2024;31.08.2024
731001;Pont;22.40;31.08.2024;31.08.2024
731001;Unité Piquet;00.00;31.08.2024;31.08.2024
731001;Vacances;24.00;31.08.2024;31.08.2024
734001;Heures BAL;53.75;31.08.2024;31.08.2024
734001;Heures SUP;00.00;31.08.2024;31.08.2024
734001;Pont;20.48;31.08.2024;31.08.2024
734001;Unité Piquet;00.00;31.08.2024;31.08.2024
734001;Vacances;14.00;31.08.2024;31.08.2024
738001;Heures BAL;83.22;31.08.2024;31.08.2024
738001;Heures SUP;02.65;31.08.2024;31.08.2024
738001;Pont;18.60;31.08.2024;31.08.2024
738001;Unité Piquet;50.00;31.08.2024;31.08.2024
738001;Vacances;8.00;31.08.2024;31.08.2024
740001;Heures BAL;-05.23;31.08.2024;31.08.2024
740001;Heures SUP;01.28;31.08.2024;31.08.2024
740001;Pont;20.80;31.08.2024;31.08.2024
740001;Unité Piquet;00.00;31.08.2024;31.08.2024
740001;Vacances;6.00;31.08.2024;31.08.2024
741002;Heures BAL;37.08;31.08.2024;31.08.2024
741002;Heures SUP;42.52;31.08.2024;31.08.2024
741002;Pont;14.35;31.08.2024;31.08.2024
741002;Unité Piquet;00.00;31.08.2024;31.08.2024
741002;Vacances;15.00;31.08.2024;31.08.2024
741003;Heures BAL;34.67;31.08.2024;31.08.2024
741003;Heures SUP;-03.37;31.08.2024;31.08.2024
741003;Pont;20.60;31.08.2024;31.08.2024
741003;Unité Piquet;00.00;31.08.2024;31.08.2024
741003;Vacances;16.00;31.08.2024;31.08.2024
741004;Heures BAL;121.05;31.08.2024;31.08.2024
741004;Heures SUP;61.50;31.08.2024;31.08.2024
741004;Pont;19.57;31.08.2024;31.08.2024
741004;Unité Piquet;00.00;31.08.2024;31.08.2024
741004;Vacances;14.00;31.08.2024;31.08.2024
746001;Heures BAL;26.55;31.08.2024;31.08.2024
746001;Heures SUP;48.73;31.08.2024;31.08.2024
746001;Pont;19.20;31.08.2024;31.08.2024
746001;Unité Piquet;00.00;31.08.2024;31.08.2024
746001;Vacances;12.00;31.08.2024;31.08.2024
747001;Heures BAL;13.82;31.08.2024;31.08.2024
747001;Heures SUP;00.00;31.08.2024;31.08.2024
747001;Pont;20.00;31.08.2024;31.08.2024
747001;Unité Piquet;00.00;31.08.2024;31.08.2024
747001;Vacances;0.00;31.08.2024;31.08.2024
749002;Heures BAL;86.87;31.08.2024;31.08.2024
749002;Heures SUP;38.22;31.08.2024;31.08.2024
749002;Pont;18.00;31.08.2024;31.08.2024
749002;Unité Piquet;00.00;31.08.2024;31.08.2024
749002;Vacances;5.00;31.08.2024;31.08.2024
749003;Heures BAL;-00.12;31.08.2024;31.08.2024
749003;Heures SUP;00.05;31.08.2024;31.08.2024
749003;Pont;33.40;31.08.2024;31.08.2024
749003;Unité Piquet;00.00;31.08.2024;31.08.2024
749003;Vacances;15.00;31.08.2024;31.08.2024
749004;Heures BAL;32.30;31.08.2024;31.08.2024
749004;Heures SUP;00.13;31.08.2024;31.08.2024
749004;Pont;19.75;31.08.2024;31.08.2024
749004;Unité Piquet;00.00;31.08.2024;31.08.2024
749004;Vacances;8.00;31.08.2024;31.08.2024
750002;Heures BAL;46.48;31.08.2024;31.08.2024
750002;Heures SUP;-19.38;31.08.2024;31.08.2024
750002;Pont;20.85;31.08.2024;31.08.2024
750002;Unité Piquet;17.00;31.08.2024;31.08.2024
750002;Vacances;28.00;31.08.2024;31.08.2024
750007;Heures BAL;59.82;31.08.2024;31.08.2024
750007;Heures SUP;92.33;31.08.2024;31.08.2024
750007;Pont;20.40;31.08.2024;31.08.2024
750007;Unité Piquet;00.00;31.08.2024;31.08.2024
750007;Vacances;9.00;31.08.2024;31.08.2024
751001;Heures BAL;-16.00;31.08.2024;31.08.2024
751001;Heures SUP;00.00;31.08.2024;31.08.2024
751001;Pont;00.00;31.08.2024;31.08.2024
751001;Unité Piquet;00.00;31.08.2024;31.08.2024
751001;Vacances;23.50;31.08.2024;31.08.2024
752005;Heures BAL;-03.93;31.08.2024;31.08.2024
752005;Heures SUP;00.00;31.08.2024;31.08.2024
752005;Pont;07.33;31.08.2024;31.08.2024
752005;Unité Piquet;00.00;31.08.2024;31.08.2024
752005;Vacances;4.50;31.08.2024;31.08.2024
756001;Heures BAL;11.00;31.08.2024;31.08.2024
756001;Heures SUP;-04.00;31.08.2024;31.08.2024
756001;Pont;20.00;31.08.2024;31.08.2024
756001;Unité Piquet;00.00;31.08.2024;31.08.2024
756001;Vacances;4.00;31.08.2024;31.08.2024
759002;Heures BAL;62.80;31.08.2024;31.08.2024
759002;Heures SUP;42.55;31.08.2024;31.08.2024
759002;Pont;19.40;31.08.2024;31.08.2024
759002;Unité Piquet;00.00;31.08.2024;31.08.2024
759002;Vacances;8.00;31.08.2024;31.08.2024
760001;Heures BAL;72.12;31.08.2024;31.08.2024
760001;Heures SUP;30.00;31.08.2024;31.08.2024
760001;Pont;19.40;31.08.2024;31.08.2024
760001;Unité Piquet;00.00;31.08.2024;31.08.2024
760001;Vacances;22.00;31.08.2024;31.08.2024
764001;Heures BAL;-19.18;31.08.2024;31.08.2024
764001;Heures SUP;01.35;31.08.2024;31.08.2024
764001;Pont;24.40;31.08.2024;31.08.2024
764001;Unité Piquet;00.00;31.08.2024;31.08.2024
764001;Vacances;0.50;31.08.2024;31.08.2024
764007;Heures BAL;94.05;31.08.2024;31.08.2024
764007;Heures SUP;04.57;31.08.2024;31.08.2024
764007;Pont;20.60;31.08.2024;31.08.2024
764007;Unité Piquet;00.00;31.08.2024;31.08.2024
764007;Vacances;15.50;31.08.2024;31.08.2024
764008;Heures BAL;51.68;31.08.2024;31.08.2024
764008;Heures SUP;17.67;31.08.2024;31.08.2024
764008;Pont;21.40;31.08.2024;31.08.2024
764008;Unité Piquet;00.00;31.08.2024;31.08.2024
764008;Vacances;11.50;31.08.2024;31.08.2024
764009;Heures BAL;00.00;31.08.2024;31.08.2024
764009;Heures SUP;00.00;31.08.2024;31.08.2024
764009;Pont;00.00;31.08.2024;31.08.2024
764009;Unité Piquet;00.00;31.08.2024;31.08.2024
764009;Vacances;10.00;31.08.2024;31.08.2024
775001;Heures BAL;54.12;31.08.2024;31.08.2024
775001;Heures SUP;36.32;31.08.2024;31.08.2024
775001;Pont;21.60;31.08.2024;31.08.2024
775001;Unité Piquet;50.00;31.08.2024;31.08.2024
775001;Vacances;14.00;31.08.2024;31.08.2024
775005;Heures BAL;-03.93;31.08.2024;31.08.2024
775005;Heures SUP;00.00;31.08.2024;31.08.2024
775005;Pont;20.60;31.08.2024;31.08.2024
775005;Unité Piquet;00.00;31.08.2024;31.08.2024
775005;Vacances;6.00;31.08.2024;31.08.2024
775006;Heures BAL;37.35;31.08.2024;31.08.2024
775006;Heures SUP;39.98;31.08.2024;31.08.2024
775006;Pont;22.00;31.08.2024;31.08.2024
775006;Unité Piquet;00.00;31.08.2024;31.08.2024
775006;Vacances;14.50;31.08.2024;31.08.2024
775007;Heures BAL;-00.10;31.08.2024;31.08.2024
775007;Heures SUP;00.00;31.08.2024;31.08.2024
775007;Pont;03.00;31.08.2024;31.08.2024
775007;Unité Piquet;00.00;31.08.2024;31.08.2024
775007;Vacances;6.50;31.08.2024;31.08.2024
776001;Heures BAL;129.17;31.08.2024;31.08.2024
776001;Heures SUP;00.80;31.08.2024;31.08.2024
776001;Pont;20.80;31.08.2024;31.08.2024
776001;Unité Piquet;00.00;31.08.2024;31.08.2024
776001;Vacances;20.00;31.08.2024;31.08.2024
776002;Heures BAL;57.17;31.08.2024;31.08.2024
776002;Heures SUP;15.97;31.08.2024;31.08.2024
776002;Pont;20.40;31.08.2024;31.08.2024
776002;Unité Piquet;00.00;31.08.2024;31.08.2024
776002;Vacances;12.00;31.08.2024;31.08.2024
777007;Heures BAL;71.18;31.08.2024;31.08.2024
777007;Heures SUP;37.85;31.08.2024;31.08.2024
777007;Pont;20.60;31.08.2024;31.08.2024
777007;Unité Piquet;00.00;31.08.2024;31.08.2024
777007;Vacances;15.50;31.08.2024;31.08.2024
777009;Heures BAL;30.02;31.08.2024;31.08.2024
777009;Heures SUP;00.00;31.08.2024;31.08.2024
777009;Pont;17.92;31.08.2024;31.08.2024
777009;Unité Piquet;00.00;31.08.2024;31.08.2024
777009;Vacances;2.50;31.08.2024;31.08.2024
777010;Heures BAL;90.60;31.08.2024;31.08.2024
777010;Heures SUP;66.65;31.08.2024;31.08.2024
777010;Pont;20.60;31.08.2024;31.08.2024
777010;Unité Piquet;00.00;31.08.2024;31.08.2024
777010;Vacances;11.00;31.08.2024;31.08.2024
777011;Heures BAL;02.47;31.08.2024;31.08.2024
777011;Heures SUP;00.00;31.08.2024;31.08.2024
777011;Pont;20.40;31.08.2024;31.08.2024
777011;Unité Piquet;00.00;31.08.2024;31.08.2024
777011;Vacances;10.00;31.08.2024;31.08.2024
777012;Heures BAL;10.45;31.08.2024;31.08.2024
777012;Heures SUP;00.00;31.08.2024;31.08.2024
777012;Pont;22.60;31.08.2024;31.08.2024
777012;Unité Piquet;00.00;31.08.2024;31.08.2024
777012;Vacances;11.50;31.08.2024;31.08.2024
777013;Heures BAL;05.32;31.08.2024;31.08.2024
777013;Heures SUP;00.00;31.08.2024;31.08.2024
777013;Pont;05.10;31.08.2024;31.08.2024
777013;Unité Piquet;00.00;31.08.2024;31.08.2024
777013;Vacances;10.50;31.08.2024;31.08.2024
778001;Heures BAL;00.00;31.08.2024;31.08.2024
778001;Heures SUP;50.02;31.08.2024;31.08.2024
778001;Pont;00.00;31.08.2024;31.08.2024
778001;Unité Piquet;00.00;31.08.2024;31.08.2024
778001;Vacances;41.50;31.08.2024;31.08.2024
778004;Heures BAL;40.20;31.08.2024;31.08.2024
778004;Heures SUP;08.20;31.08.2024;31.08.2024
778004;Pont;11.30;31.08.2024;31.08.2024
778004;Unité Piquet;00.00;31.08.2024;31.08.2024
778004;Vacances;16.00;31.08.2024;31.08.2024
779001;Heures BAL;136.82;31.08.2024;31.08.2024
779001;Heures SUP;12.37;31.08.2024;31.08.2024
779001;Pont;17.27;31.08.2024;31.08.2024
779001;Unité Piquet;00.00;31.08.2024;31.08.2024
779001;Vacances;2.50;31.08.2024;31.08.2024
784005;Heures BAL;63.43;31.08.2024;31.08.2024
784005;Heures SUP;18.42;31.08.2024;31.08.2024
784005;Pont;18.27;31.08.2024;31.08.2024
784005;Unité Piquet;00.00;31.08.2024;31.08.2024
784005;Vacances;9.00;31.08.2024;31.08.2024
784006;Heures BAL;51.85;31.08.2024;31.08.2024
784006;Heures SUP;22.43;31.08.2024;31.08.2024
784006;Pont;23.00;31.08.2024;31.08.2024
784006;Unité Piquet;00.00;31.08.2024;31.08.2024
784006;Vacances;23.00;31.08.2024;31.08.2024
788001;Heures BAL;217.10;31.08.2024;31.08.2024
788001;Heures SUP;69.98;31.08.2024;31.08.2024
788001;Pont;24.35;31.08.2024;31.08.2024
788001;Unité Piquet;00.00;31.08.2024;31.08.2024
788001;Vacances;20.00;31.08.2024;31.08.2024
788002;Heures BAL;97.12;31.08.2024;31.08.2024
788002;Heures SUP;00.00;31.08.2024;31.08.2024
788002;Pont;21.00;31.08.2024;31.08.2024
788002;Unité Piquet;00.00;31.08.2024;31.08.2024
788002;Vacances;9.00;31.08.2024;31.08.2024
789007;Heures BAL;08.10;31.08.2024;31.08.2024
789007;Heures SUP;00.00;31.08.2024;31.08.2024
789007;Pont;21.80;31.08.2024;31.08.2024
789007;Unité Piquet;00.00;31.08.2024;31.08.2024
789007;Vacances;13.50;31.08.2024;31.08.2024
790001;Heures BAL;-20.08;31.08.2024;31.08.2024
790001;Heures SUP;00.00;31.08.2024;31.08.2024
790001;Pont;20.12;31.08.2024;31.08.2024
790001;Unité Piquet;00.00;31.08.2024;31.08.2024
790001;Vacances;23.00;31.08.2024;31.08.2024
791001;Heures BAL;30.98;31.08.2024;31.08.2024
791001;Heures SUP;00.10;31.08.2024;31.08.2024
791001;Pont;15.85;31.08.2024;31.08.2024
791001;Unité Piquet;00.00;31.08.2024;31.08.2024
791001;Vacances;11.00;31.08.2024;31.08.2024
792002;Heures BAL;73.62;31.08.2024;31.08.2024
792002;Heures SUP;02.30;31.08.2024;31.08.2024
792002;Pont;19.00;31.08.2024;31.08.2024
792002;Unité Piquet;50.00;31.08.2024;31.08.2024
792002;Vacances;2.00;31.08.2024;31.08.2024
793002;Heures BAL;130.73;31.08.2024;31.08.2024
793002;Heures SUP;00.00;31.08.2024;31.08.2024
793002;Pont;19.80;31.08.2024;31.08.2024
793002;Unité Piquet;00.00;31.08.2024;31.08.2024
793002;Vacances;19.00;31.08.2024;31.08.2024
794001;Heures BAL;42.57;31.08.2024;31.08.2024
794001;Heures SUP;18.03;31.08.2024;31.08.2024
794001;Pont;20.00;31.08.2024;31.08.2024
794001;Unité Piquet;50.00;31.08.2024;31.08.2024
794001;Vacances;5.00;31.08.2024;31.08.2024
795001;Heures BAL;38.77;31.08.2024;31.08.2024
795001;Heures SUP;00.00;31.08.2024;31.08.2024
795001;Pont;20.20;31.08.2024;31.08.2024
795001;Unité Piquet;00.00;31.08.2024;31.08.2024
795001;Vacances;6.00;31.08.2024;31.08.2024
797002;Heures BAL;21.07;31.08.2024;31.08.2024
797002;Heures SUP;00.00;31.08.2024;31.08.2024
797002;Pont;07.60;31.08.2024;31.08.2024
797002;Unité Piquet;00.00;31.08.2024;31.08.2024
797002;Vacances;11.50;31.08.2024;31.08.2024
804001;Heures BAL;69.82;31.08.2024;31.08.2024
804001;Heures SUP;27.77;31.08.2024;31.08.2024
804001;Pont;21.60;31.08.2024;31.08.2024
804001;Unité Piquet;50.00;31.08.2024;31.08.2024
804001;Vacances;13.00;31.08.2024;31.08.2024
804002;Heures BAL;02.37;31.08.2024;31.08.2024
804002;Heures SUP;00.85;31.08.2024;31.08.2024
804002;Pont;20.80;31.08.2024;31.08.2024
804002;Unité Piquet;00.00;31.08.2024;31.08.2024
804002;Vacances;11.00;31.08.2024;31.08.2024
810001;Heures BAL;35.05;31.08.2024;31.08.2024
810001;Heures SUP;01.28;31.08.2024;31.08.2024
810001;Pont;20.80;31.08.2024;31.08.2024
810001;Unité Piquet;00.00;31.08.2024;31.08.2024
810001;Vacances;6.50;31.08.2024;31.08.2024
812001;Heures BAL;130.17;31.08.2024;31.08.2024
812001;Heures SUP;60.97;31.08.2024;31.08.2024
812001;Pont;19.60;31.08.2024;31.08.2024
812001;Unité Piquet;50.00;31.08.2024;31.08.2024
812001;Vacances;11.00;31.08.2024;31.08.2024
812002;Heures BAL;162.50;31.08.2024;31.08.2024
812002;Heures SUP;18.02;31.08.2024;31.08.2024
812002;Pont;17.27;31.08.2024;31.08.2024
812002;Unité Piquet;00.00;31.08.2024;31.08.2024
812002;Vacances;6.00;31.08.2024;31.08.2024
812003;Heures BAL;154.08;31.08.2024;31.08.2024
812003;Heures SUP;00.00;31.08.2024;31.08.2024
812003;Pont;24.00;31.08.2024;31.08.2024
812003;Unité Piquet;50.00;31.08.2024;31.08.2024
812003;Vacances;25.50;31.08.2024;31.08.2024
817002;Heures BAL;54.10;31.08.2024;31.08.2024
817002;Heures SUP;09.75;31.08.2024;31.08.2024
817002;Pont;20.20;31.08.2024;31.08.2024
817002;Unité Piquet;50.00;31.08.2024;31.08.2024
817002;Vacances;11.00;31.08.2024;31.08.2024
818002;Heures BAL;52.50;31.08.2024;31.08.2024
818002;Heures SUP;00.00;31.08.2024;31.08.2024
818002;Pont;12.70;31.08.2024;31.08.2024
818002;Unité Piquet;00.00;31.08.2024;31.08.2024
818002;Vacances;10.00;31.08.2024;31.08.2024
821002;Heures BAL;36.42;31.08.2024;31.08.2024
821002;Heures SUP;07.95;31.08.2024;31.08.2024
821002;Pont;20.60;31.08.2024;31.08.2024
821002;Unité Piquet;00.00;31.08.2024;31.08.2024
821002;Vacances;3.00;31.08.2024;31.08.2024
830001;Heures BAL;17.02;31.08.2024;31.08.2024
830001;Heures SUP;01.52;31.08.2024;31.08.2024
830001;Pont;22.00;31.08.2024;31.08.2024
830001;Unité Piquet;00.00;31.08.2024;31.08.2024
830001;Vacances;13.00;31.08.2024;31.08.2024
858003;Heures BAL;00.00;31.08.2024;31.08.2024
858003;Heures SUP;00.00;31.08.2024;31.08.2024
858003;Pont;00.00;31.08.2024;31.08.2024
858003;Unité Piquet;00.00;31.08.2024;31.08.2024
858003;Vacances;0.00;31.08.2024;31.08.2024
859003;Heures BAL;16.22;31.08.2024;31.08.2024
859003;Heures SUP;00.00;31.08.2024;31.08.2024
859003;Pont;08.40;31.08.2024;31.08.2024
859003;Unité Piquet;00.00;31.08.2024;31.08.2024
859003;Vacances;15.00;31.08.2024;31.08.2024
874001;Heures BAL;164.97;31.08.2024;31.08.2024
874001;Heures SUP;00.88;31.08.2024;31.08.2024
874001;Pont;21.80;31.08.2024;31.08.2024
874001;Unité Piquet;00.00;31.08.2024;31.08.2024
874001;Vacances;10.00;31.08.2024;31.08.2024
875001;Heures BAL;48.90;31.08.2024;31.08.2024
875001;Heures SUP;00.90;31.08.2024;31.08.2024
875001;Pont;21.60;31.08.2024;31.08.2024
875001;Unité Piquet;50.00;31.08.2024;31.08.2024
875001;Vacances;27.50;31.08.2024;31.08.2024
875002;Heures BAL;141.62;31.08.2024;31.08.2024
875002;Heures SUP;00.00;31.08.2024;31.08.2024
875002;Pont;22.00;31.08.2024;31.08.2024
875002;Unité Piquet;00.00;31.08.2024;31.08.2024
875002;Vacances;15.00;31.08.2024;31.08.2024
878002;Heures BAL;202.10;31.08.2024;31.08.2024
878002;Heures SUP;22.70;31.08.2024;31.08.2024
878002;Pont;20.80;31.08.2024;31.08.2024
878002;Unité Piquet;00.00;31.08.2024;31.08.2024
878002;Vacances;5.00;31.08.2024;31.08.2024
878003;Heures BAL;10.10;31.08.2024;31.08.2024
878003;Heures SUP;03.50;31.08.2024;31.08.2024
878003;Pont;19.60;31.08.2024;31.08.2024
878003;Unité Piquet;00.00;31.08.2024;31.08.2024
878003;Vacances;5.50;31.08.2024;31.08.2024
878004;Heures BAL;-06.17;31.08.2024;31.08.2024
878004;Heures SUP;00.00;31.08.2024;31.08.2024
878004;Pont;09.80;31.08.2024;31.08.2024
878004;Unité Piquet;00.00;31.08.2024;31.08.2024
878004;Vacances;0.00;31.08.2024;31.08.2024
879001;Heures BAL;11.00;31.08.2024;31.08.2024
879001;Heures SUP;13.85;31.08.2024;31.08.2024
879001;Pont;21.20;31.08.2024;31.08.2024
879001;Unité Piquet;00.00;31.08.2024;31.08.2024
879001;Vacances;11.00;31.08.2024;31.08.2024
887005;Heures BAL;60.70;31.08.2024;31.08.2024
887005;Heures SUP;03.35;31.08.2024;31.08.2024
887005;Pont;20.60;31.08.2024;31.08.2024
887005;Unité Piquet;00.00;31.08.2024;31.08.2024
887005;Vacances;8.00;31.08.2024;31.08.2024
888001;Heures BAL;118.58;31.08.2024;31.08.2024
888001;Heures SUP;54.32;31.08.2024;31.08.2024
888001;Pont;19.80;31.08.2024;31.08.2024
888001;Unité Piquet;00.00;31.08.2024;31.08.2024
888001;Vacances;10.00;31.08.2024;31.08.2024
890002;Heures BAL;07.47;31.08.2024;31.08.2024
890002;Heures SUP;04.00;31.08.2024;31.08.2024
890002;Pont;18.60;31.08.2024;31.08.2024
890002;Unité Piquet;00.00;31.08.2024;31.08.2024
890002;Vacances;10.00;31.08.2024;31.08.2024
896001;Heures BAL;01.70;31.08.2024;31.08.2024
896001;Heures SUP;00.72;31.08.2024;31.08.2024
896001;Pont;22.00;31.08.2024;31.08.2024
896001;Unité Piquet;00.00;31.08.2024;31.08.2024
896001;Vacances;13.50;31.08.2024;31.08.2024
899001;Heures BAL;14.95;31.08.2024;31.08.2024
899001;Heures SUP;00.00;31.08.2024;31.08.2024
899001;Pont;17.27;31.08.2024;31.08.2024
899001;Unité Piquet;00.00;31.08.2024;31.08.2024
899001;Vacances;12.00;31.08.2024;31.08.2024
899002;Heures BAL;53.35;31.08.2024;31.08.2024
899002;Heures SUP;10.00;31.08.2024;31.08.2024
899002;Pont;26.00;31.08.2024;31.08.2024
899002;Unité Piquet;00.00;31.08.2024;31.08.2024
899002;Vacances;14.50;31.08.2024;31.08.2024
899003;Heures BAL;03.95;31.08.2024;31.08.2024
899003;Heures SUP;00.80;31.08.2024;31.08.2024
899003;Pont;21.20;31.08.2024;31.08.2024
899003;Unité Piquet;00.00;31.08.2024;31.08.2024
899003;Vacances;6.50;31.08.2024;31.08.2024
900001;Heures BAL;12.52;31.08.2024;31.08.2024
900001;Heures SUP;-00.80;31.08.2024;31.08.2024
900001;Pont;20.80;31.08.2024;31.08.2024
900001;Unité Piquet;50.00;31.08.2024;31.08.2024
900001;Vacances;9.50;31.08.2024;31.08.2024
903001;Heures BAL;217.57;31.08.2024;31.08.2024
903001;Heures SUP;19.82;31.08.2024;31.08.2024
903001;Pont;19.20;31.08.2024;31.08.2024
903001;Unité Piquet;00.00;31.08.2024;31.08.2024
903001;Vacances;10.00;31.08.2024;31.08.2024
909002;Heures BAL;91.85;31.08.2024;31.08.2024
909002;Heures SUP;46.03;31.08.2024;31.08.2024
909002;Pont;20.80;31.08.2024;31.08.2024
909002;Unité Piquet;00.00;31.08.2024;31.08.2024
909002;Vacances;4.00;31.08.2024;31.08.2024
909003;Heures BAL;19.32;31.08.2024;31.08.2024
909003;Heures SUP;01.47;31.08.2024;31.08.2024
909003;Pont;19.60;31.08.2024;31.08.2024
909003;Unité Piquet;00.00;31.08.2024;31.08.2024
909003;Vacances;6.00;31.08.2024;31.08.2024
910002;Heures BAL;00.67;31.08.2024;31.08.2024
910002;Heures SUP;50.00;31.08.2024;31.08.2024
910002;Pont;21.60;31.08.2024;31.08.2024
910002;Unité Piquet;00.00;31.08.2024;31.08.2024
910002;Vacances;15.00;31.08.2024;31.08.2024
910003;Heures BAL;49.82;31.08.2024;31.08.2024
910003;Heures SUP;03.77;31.08.2024;31.08.2024
910003;Pont;22.20;31.08.2024;31.08.2024
910003;Unité Piquet;00.00;31.08.2024;31.08.2024
910003;Vacances;16.00;31.08.2024;31.08.2024
910009;Heures BAL;00.00;31.08.2024;31.08.2024
910009;Heures SUP;00.00;31.08.2024;31.08.2024
910009;Pont;00.00;31.08.2024;31.08.2024
910009;Unité Piquet;00.00;31.08.2024;31.08.2024
910009;Vacances;0.00;31.08.2024;31.08.2024
912001;Heures BAL;48.12;31.08.2024;31.08.2024
912001;Heures SUP;16.02;31.08.2024;31.08.2024
912001;Pont;21.60;31.08.2024;31.08.2024
912001;Unité Piquet;00.00;31.08.2024;31.08.2024
912001;Vacances;18.00;31.08.2024;31.08.2024
913002;Heures BAL;-01.90;31.08.2024;31.08.2024
913002;Heures SUP;18.58;31.08.2024;31.08.2024
913002;Pont;17.10;31.08.2024;31.08.2024
913002;Unité Piquet;00.00;31.08.2024;31.08.2024
913002;Vacances;8.00;31.08.2024;31.08.2024
913003;Heures BAL;133.23;31.08.2024;31.08.2024
913003;Heures SUP;48.90;31.08.2024;31.08.2024
913003;Pont;22.80;31.08.2024;31.08.2024
913003;Unité Piquet;50.00;31.08.2024;31.08.2024
913003;Vacances;16.00;31.08.2024;31.08.2024
913004;Heures BAL;11.82;31.08.2024;31.08.2024
913004;Heures SUP;00.00;31.08.2024;31.08.2024
913004;Pont;14.88;31.08.2024;31.08.2024
913004;Unité Piquet;00.00;31.08.2024;31.08.2024
913004;Vacances;20.00;31.08.2024;31.08.2024
914002;Heures BAL;104.92;31.08.2024;31.08.2024
914002;Heures SUP;122.72;31.08.2024;31.08.2024
914002;Pont;22.40;31.08.2024;31.08.2024
914002;Unité Piquet;00.00;31.08.2024;31.08.2024
914002;Vacances;33.00;31.08.2024;31.08.2024
919001;Heures BAL;03.42;31.08.2024;31.08.2024
919001;Heures SUP;-00.57;31.08.2024;31.08.2024
919001;Pont;20.60;31.08.2024;31.08.2024
919001;Unité Piquet;00.00;31.08.2024;31.08.2024
919001;Vacances;5.00;31.08.2024;31.08.2024
919002;Heures BAL;43.38;31.08.2024;31.08.2024
919002;Heures SUP;43.38;31.08.2024;31.08.2024
919002;Pont;19.80;31.08.2024;31.08.2024
919002;Unité Piquet;00.00;31.08.2024;31.08.2024
919002;Vacances;5.00;31.08.2024;31.08.2024
920004;Heures BAL;40.95;31.08.2024;31.08.2024
920004;Heures SUP;03.30;31.08.2024;31.08.2024
920004;Pont;23.20;31.08.2024;31.08.2024
920004;Unité Piquet;00.00;31.08.2024;31.08.2024
920004;Vacances;18.00;31.08.2024;31.08.2024
920005;Heures BAL;00.00;31.08.2024;31.08.2024
920005;Heures SUP;00.00;31.08.2024;31.08.2024
920005;Pont;00.00;31.08.2024;31.08.2024
920005;Unité Piquet;00.00;31.08.2024;31.08.2024
920005;Vacances;9.50;31.08.2024;31.08.2024
921002;Heures BAL;25.23;31.08.2024;31.08.2024
921002;Heures SUP;01.13;31.08.2024;31.08.2024
921002;Pont;20.80;31.08.2024;31.08.2024
921002;Unité Piquet;00.00;31.08.2024;31.08.2024
921002;Vacances;6.00;31.08.2024;31.08.2024
921004;Heures BAL;-09.20;31.08.2024;31.08.2024
921004;Heures SUP;02.55;31.08.2024;31.08.2024
921004;Pont;15.85;31.08.2024;31.08.2024
921004;Unité Piquet;00.00;31.08.2024;31.08.2024
921004;Vacances;7.50;31.08.2024;31.08.2024
921005;Heures BAL;00.00;31.08.2024;31.08.2024
921005;Heures SUP;00.00;31.08.2024;31.08.2024
921005;Pont;00.00;31.08.2024;31.08.2024
921005;Unité Piquet;00.00;31.08.2024;31.08.2024
921005;Vacances;5.50;31.08.2024;31.08.2024
924004;Heures BAL;17.05;31.08.2024;31.08.2024
924004;Heures SUP;28.92;31.08.2024;31.08.2024
924004;Pont;21.40;31.08.2024;31.08.2024
924004;Unité Piquet;00.00;31.08.2024;31.08.2024
924004;Vacances;12.00;31.08.2024;31.08.2024
924010;Heures BAL;37.18;31.08.2024;31.08.2024
924010;Heures SUP;53.75;31.08.2024;31.08.2024
924010;Pont;20.00;31.08.2024;31.08.2024
924010;Unité Piquet;00.00;31.08.2024;31.08.2024
924010;Vacances;13.00;31.08.2024;31.08.2024
924011;Heures BAL;55.32;31.08.2024;31.08.2024
924011;Heures SUP;42.00;31.08.2024;31.08.2024
924011;Pont;19.40;31.08.2024;31.08.2024
924011;Unité Piquet;00.00;31.08.2024;31.08.2024
924011;Vacances;10.50;31.08.2024;31.08.2024
924018;Heures BAL;00.00;31.08.2024;31.08.2024
924018;Heures SUP;00.00;31.08.2024;31.08.2024
924018;Pont;00.00;31.08.2024;31.08.2024
924018;Unité Piquet;00.00;31.08.2024;31.08.2024
924018;Vacances;12.50;31.08.2024;31.08.2024
924019;Heures BAL;67.10;31.08.2024;31.08.2024
924019;Heures SUP;06.68;31.08.2024;31.08.2024
924019;Pont;21.20;31.08.2024;31.08.2024
924019;Unité Piquet;00.00;31.08.2024;31.08.2024
924019;Vacances;6.00;31.08.2024;31.08.2024
925003;Heures BAL;13.95;31.08.2024;31.08.2024
925003;Heures SUP;12.02;31.08.2024;31.08.2024
925003;Pont;19.27;31.08.2024;31.08.2024
925003;Unité Piquet;00.00;31.08.2024;31.08.2024
925003;Vacances;13.00;31.08.2024;31.08.2024
937002;Heures BAL;47.00;31.08.2024;31.08.2024
937002;Heures SUP;21.13;31.08.2024;31.08.2024
937002;Pont;21.60;31.08.2024;31.08.2024
937002;Unité Piquet;00.00;31.08.2024;31.08.2024
937002;Vacances;20.50;31.08.2024;31.08.2024
951001;Heures BAL;106.05;31.08.2024;31.08.2024
951001;Heures SUP;10.28;31.08.2024;31.08.2024
951001;Pont;20.40;31.08.2024;31.08.2024
951001;Unité Piquet;00.00;31.08.2024;31.08.2024
951001;Vacances;2.00;31.08.2024;31.08.2024
962002;Heures BAL;-02.12;31.08.2024;31.08.2024
962002;Heures SUP;00.00;31.08.2024;31.08.2024
962002;Pont;20.80;31.08.2024;31.08.2024
962002;Unité Piquet;00.00;31.08.2024;31.08.2024
962002;Vacances;9.00;31.08.2024;31.08.2024
965001;Heures BAL;01.32;31.08.2024;31.08.2024
965001;Heures SUP;00.05;31.08.2024;31.08.2024
965001;Pont;09.60;31.08.2024;31.08.2024
965001;Unité Piquet;00.00;31.08.2024;31.08.2024
965001;Vacances;1.50;31.08.2024;31.08.2024
975003;Heures BAL;08.27;31.08.2024;31.08.2024
975003;Heures SUP;00.00;31.08.2024;31.08.2024
975003;Pont;08.20;31.08.2024;31.08.2024
975003;Unité Piquet;00.00;31.08.2024;31.08.2024
975003;Vacances;2.50;31.08.2024;31.08.2024
977001;Heures BAL;148.98;31.08.2024;31.08.2024
977001;Heures SUP;92.20;31.08.2024;31.08.2024
977001;Pont;30.40;31.08.2024;31.08.2024
977001;Unité Piquet;00.00;31.08.2024;31.08.2024
977001;Vacances;20.00;31.08.2024;31.08.2024
995001;Heures BAL;02.47;31.08.2024;31.08.2024
995001;Heures SUP;00.93;31.08.2024;31.08.2024
995001;Pont;21.20;31.08.2024;31.08.2024
995001;Unité Piquet;00.00;31.08.2024;31.08.2024
995001;Vacances;7.00;31.08.2024;31.08.2024
997001;Heures BAL;00.00;31.08.2024;31.08.2024
997001;Heures SUP;00.00;31.08.2024;31.08.2024
997001;Pont;00.00;31.08.2024;31.08.2024
997001;Unité Piquet;00.00;31.08.2024;31.08.2024
997001;Vacances;16.50;31.08.2024;31.08.2024
