100001;Heures BAL;31.12;24.04.2024;24.04.2024
100001;Heures SUP;-10.57;24.04.2024;24.04.2024
100001;Pont;14.80;24.04.2024;24.04.2024
100001;Unité Piquet;18.00;24.04.2024;24.04.2024
100001;Vacances;21.00;24.04.2024;24.04.2024
103002;Heures BAL;165.68;24.04.2024;24.04.2024
103002;Heures SUP;02.35;24.04.2024;24.04.2024
103002;Pont;14.80;24.04.2024;24.04.2024
103002;Unité Piquet;17.00;24.04.2024;24.04.2024
103002;Vacances;28.00;24.04.2024;24.04.2024
103003;Heures BAL;05.52;24.04.2024;24.04.2024
103003;Heures SUP;12.40;24.04.2024;24.04.2024
103003;Pont;14.80;24.04.2024;24.04.2024
103003;Unité Piquet;00.00;24.04.2024;24.04.2024
103003;Vacances;31.50;24.04.2024;24.04.2024
107001;Heures BAL;51.32;24.04.2024;24.04.2024
107001;Heures SUP;04.40;24.04.2024;24.04.2024
107001;Pont;10.83;24.04.2024;24.04.2024
107001;Unité Piquet;00.00;24.04.2024;24.04.2024
107001;Vacances;21.00;24.04.2024;24.04.2024
107003;Heures BAL;93.48;24.04.2024;24.04.2024
107003;Heures SUP;00.30;24.04.2024;24.04.2024
107003;Pont;13.60;24.04.2024;24.04.2024
107003;Unité Piquet;00.00;24.04.2024;24.04.2024
107003;Vacances;11.00;24.04.2024;24.04.2024
107004;Heures BAL;-00.70;24.04.2024;24.04.2024
107004;Heures SUP;00.00;24.04.2024;24.04.2024
107004;Pont;13.60;24.04.2024;24.04.2024
107004;Unité Piquet;00.00;24.04.2024;24.04.2024
107004;Vacances;23.00;24.04.2024;24.04.2024
108004;Heures BAL;-00.85;24.04.2024;24.04.2024
108004;Heures SUP;00.00;24.04.2024;24.04.2024
108004;Pont;13.57;24.04.2024;24.04.2024
108004;Unité Piquet;00.00;24.04.2024;24.04.2024
108004;Vacances;21.00;24.04.2024;24.04.2024
114002;Heures BAL;17.58;24.04.2024;24.04.2024
114002;Heures SUP;-10.95;24.04.2024;24.04.2024
114002;Pont;15.60;24.04.2024;24.04.2024
114002;Unité Piquet;00.00;24.04.2024;24.04.2024
114002;Vacances;25.00;24.04.2024;24.04.2024
116005;Heures BAL;25.93;24.04.2024;24.04.2024
116005;Heures SUP;06.85;24.04.2024;24.04.2024
116005;Pont;13.40;24.04.2024;24.04.2024
116005;Unité Piquet;00.00;24.04.2024;24.04.2024
116005;Vacances;23.50;24.04.2024;24.04.2024
118001;Heures BAL;25.02;24.04.2024;24.04.2024
118001;Heures SUP;52.15;24.04.2024;24.04.2024
118001;Pont;14.80;24.04.2024;24.04.2024
118001;Unité Piquet;00.00;24.04.2024;24.04.2024
118001;Vacances;30.00;24.04.2024;24.04.2024
118006;Heures BAL;09.85;24.04.2024;24.04.2024
118006;Heures SUP;20.40;24.04.2024;24.04.2024
118006;Pont;13.80;24.04.2024;24.04.2024
118006;Unité Piquet;00.00;24.04.2024;24.04.2024
118006;Vacances;21.00;24.04.2024;24.04.2024
122001;Heures BAL;00.00;24.04.2024;24.04.2024
122001;Heures SUP;00.00;24.04.2024;24.04.2024
122001;Pont;00.00;24.04.2024;24.04.2024
122001;Unité Piquet;00.00;24.04.2024;24.04.2024
122001;Vacances;47.50;24.04.2024;24.04.2024
122002;Heures BAL;164.82;24.04.2024;24.04.2024
122002;Heures SUP;50.50;24.04.2024;24.04.2024
122002;Pont;10.83;24.04.2024;24.04.2024
122002;Unité Piquet;00.00;24.04.2024;24.04.2024
122002;Vacances;22.00;24.04.2024;24.04.2024
123002;Heures BAL;87.37;24.04.2024;24.04.2024
123002;Heures SUP;51.27;24.04.2024;24.04.2024
123002;Pont;14.00;24.04.2024;24.04.2024
123002;Unité Piquet;00.00;24.04.2024;24.04.2024
123002;Vacances;34.00;24.04.2024;24.04.2024
123003;Heures BAL;-02.82;24.04.2024;24.04.2024
123003;Heures SUP;01.60;24.04.2024;24.04.2024
123003;Pont;14.60;24.04.2024;24.04.2024
123003;Unité Piquet;00.00;24.04.2024;24.04.2024
123003;Vacances;22.50;24.04.2024;24.04.2024
129001;Heures BAL;159.30;24.04.2024;24.04.2024
129001;Heures SUP;50.08;24.04.2024;24.04.2024
129001;Pont;15.60;24.04.2024;24.04.2024
129001;Unité Piquet;00.00;24.04.2024;24.04.2024
129001;Vacances;37.00;24.04.2024;24.04.2024
129002;Heures BAL;37.75;24.04.2024;24.04.2024
129002;Heures SUP;06.92;24.04.2024;24.04.2024
129002;Pont;14.20;24.04.2024;24.04.2024
129002;Unité Piquet;00.00;24.04.2024;24.04.2024
129002;Vacances;33.00;24.04.2024;24.04.2024
132001;Heures BAL;130.57;24.04.2024;24.04.2024
132001;Heures SUP;20.92;24.04.2024;24.04.2024
132001;Pont;12.67;24.04.2024;24.04.2024
132001;Unité Piquet;00.00;24.04.2024;24.04.2024
132001;Vacances;34.00;24.04.2024;24.04.2024
135001;Heures BAL;87.95;24.04.2024;24.04.2024
135001;Heures SUP;12.70;24.04.2024;24.04.2024
135001;Pont;15.00;24.04.2024;24.04.2024
135001;Unité Piquet;57.00;24.04.2024;24.04.2024
135001;Vacances;26.00;24.04.2024;24.04.2024
135003;Heures BAL;14.28;24.04.2024;24.04.2024
135003;Heures SUP;00.00;24.04.2024;24.04.2024
135003;Pont;14.80;24.04.2024;24.04.2024
135003;Unité Piquet;00.00;24.04.2024;24.04.2024
135003;Vacances;28.00;24.04.2024;24.04.2024
135004;Heures BAL;01.93;24.04.2024;24.04.2024
135004;Heures SUP;00.00;24.04.2024;24.04.2024
135004;Pont;15.00;24.04.2024;24.04.2024
135004;Unité Piquet;00.00;24.04.2024;24.04.2024
135004;Vacances;17.00;24.04.2024;24.04.2024
138003;Heures BAL;-01.07;24.04.2024;24.04.2024
138003;Heures SUP;03.10;24.04.2024;24.04.2024
138003;Pont;13.40;24.04.2024;24.04.2024
138003;Unité Piquet;00.00;24.04.2024;24.04.2024
138003;Vacances;14.00;24.04.2024;24.04.2024
138005;Heures BAL;22.43;24.04.2024;24.04.2024
138005;Heures SUP;15.85;24.04.2024;24.04.2024
138005;Pont;14.00;24.04.2024;24.04.2024
138005;Unité Piquet;00.00;24.04.2024;24.04.2024
138005;Vacances;17.00;24.04.2024;24.04.2024
140002;Heures BAL;00.00;24.04.2024;24.04.2024
140002;Heures SUP;00.00;24.04.2024;24.04.2024
140002;Pont;00.00;24.04.2024;24.04.2024
140002;Unité Piquet;00.00;24.04.2024;24.04.2024
140002;Vacances;34.50;24.04.2024;24.04.2024
147001;Heures BAL;43.22;24.04.2024;24.04.2024
147001;Heures SUP;15.47;24.04.2024;24.04.2024
147001;Pont;14.80;24.04.2024;24.04.2024
147001;Unité Piquet;00.00;24.04.2024;24.04.2024
147001;Vacances;28.00;24.04.2024;24.04.2024
147002;Heures BAL;16.35;24.04.2024;24.04.2024
147002;Heures SUP;00.00;24.04.2024;24.04.2024
147002;Pont;14.40;24.04.2024;24.04.2024
147002;Unité Piquet;00.00;24.04.2024;24.04.2024
147002;Vacances;25.00;24.04.2024;24.04.2024
150002;Heures BAL;23.62;24.04.2024;24.04.2024
150002;Heures SUP;00.00;24.04.2024;24.04.2024
150002;Pont;12.28;24.04.2024;24.04.2024
150002;Unité Piquet;00.00;24.04.2024;24.04.2024
150002;Vacances;28.00;24.04.2024;24.04.2024
150004;Heures BAL;139.72;24.04.2024;24.04.2024
150004;Heures SUP;36.35;24.04.2024;24.04.2024
150004;Pont;15.00;24.04.2024;24.04.2024
150004;Unité Piquet;00.00;24.04.2024;24.04.2024
150004;Vacances;38.00;24.04.2024;24.04.2024
154001;Heures BAL;82.32;24.04.2024;24.04.2024
154001;Heures SUP;03.18;24.04.2024;24.04.2024
154001;Pont;14.40;24.04.2024;24.04.2024
154001;Unité Piquet;17.00;24.04.2024;24.04.2024
154001;Vacances;24.00;24.04.2024;24.04.2024
154002;Heures BAL;14.75;24.04.2024;24.04.2024
154002;Heures SUP;06.78;24.04.2024;24.04.2024
154002;Pont;13.40;24.04.2024;24.04.2024
154002;Unité Piquet;00.00;24.04.2024;24.04.2024
154002;Vacances;21.00;24.04.2024;24.04.2024
158002;Heures BAL;00.00;24.04.2024;24.04.2024
158002;Heures SUP;00.00;24.04.2024;24.04.2024
158002;Pont;00.00;24.04.2024;24.04.2024
158002;Unité Piquet;00.00;24.04.2024;24.04.2024
158002;Vacances;25.00;24.04.2024;24.04.2024
160001;Heures BAL;20.45;24.04.2024;24.04.2024
160001;Heures SUP;50.00;24.04.2024;24.04.2024
160001;Pont;09.87;24.04.2024;24.04.2024
160001;Unité Piquet;00.00;24.04.2024;24.04.2024
160001;Vacances;29.00;24.04.2024;24.04.2024
161002;Heures BAL;25.72;24.04.2024;24.04.2024
161002;Heures SUP;60.98;24.04.2024;24.04.2024
161002;Pont;13.40;24.04.2024;24.04.2024
161002;Unité Piquet;18.00;24.04.2024;24.04.2024
161002;Vacances;36.00;24.04.2024;24.04.2024
161003;Heures BAL;31.65;24.04.2024;24.04.2024
161003;Heures SUP;05.98;24.04.2024;24.04.2024
161003;Pont;13.38;24.04.2024;24.04.2024
161003;Unité Piquet;00.00;24.04.2024;24.04.2024
161003;Vacances;20.00;24.04.2024;24.04.2024
161004;Heures BAL;36.93;24.04.2024;24.04.2024
161004;Heures SUP;08.28;24.04.2024;24.04.2024
161004;Pont;14.00;24.04.2024;24.04.2024
161004;Unité Piquet;49.00;24.04.2024;24.04.2024
161004;Vacances;22.00;24.04.2024;24.04.2024
162001;Heures BAL;149.95;24.04.2024;24.04.2024
162001;Heures SUP;01.43;24.04.2024;24.04.2024
162001;Pont;14.60;24.04.2024;24.04.2024
162001;Unité Piquet;00.00;24.04.2024;24.04.2024
162001;Vacances;20.00;24.04.2024;24.04.2024
162004;Heures BAL;03.05;24.04.2024;24.04.2024
162004;Heures SUP;00.00;24.04.2024;24.04.2024
162004;Pont;14.40;24.04.2024;24.04.2024
162004;Unité Piquet;00.00;24.04.2024;24.04.2024
162004;Vacances;7.00;24.04.2024;24.04.2024
163001;Heures BAL;31.25;24.04.2024;24.04.2024
163001;Heures SUP;00.52;24.04.2024;24.04.2024
163001;Pont;14.40;24.04.2024;24.04.2024
163001;Unité Piquet;35.00;24.04.2024;24.04.2024
163001;Vacances;25.00;24.04.2024;24.04.2024
165003;Heures BAL;-02.52;24.04.2024;24.04.2024
165003;Heures SUP;00.00;24.04.2024;24.04.2024
165003;Pont;14.20;24.04.2024;24.04.2024
165003;Unité Piquet;00.00;24.04.2024;24.04.2024
165003;Vacances;29.50;24.04.2024;24.04.2024
167001;Heures BAL;72.57;24.04.2024;24.04.2024
167001;Heures SUP;50.00;24.04.2024;24.04.2024
167001;Pont;14.20;24.04.2024;24.04.2024
167001;Unité Piquet;00.00;24.04.2024;24.04.2024
167001;Vacances;32.00;24.04.2024;24.04.2024
167002;Heures BAL;00.00;24.04.2024;24.04.2024
167002;Heures SUP;00.00;24.04.2024;24.04.2024
167002;Pont;00.00;24.04.2024;24.04.2024
167002;Unité Piquet;00.00;24.04.2024;24.04.2024
167002;Vacances;30.00;24.04.2024;24.04.2024
171002;Heures BAL;19.18;24.04.2024;24.04.2024
171002;Heures SUP;01.92;24.04.2024;24.04.2024
171002;Pont;13.20;24.04.2024;24.04.2024
171002;Unité Piquet;00.00;24.04.2024;24.04.2024
171002;Vacances;19.00;24.04.2024;24.04.2024
182001;Heures BAL;23.13;24.04.2024;24.04.2024
182001;Heures SUP;01.08;24.04.2024;24.04.2024
182001;Pont;09.15;24.04.2024;24.04.2024
182001;Unité Piquet;00.00;24.04.2024;24.04.2024
182001;Vacances;18.00;24.04.2024;24.04.2024
183001;Heures BAL;13.62;24.04.2024;24.04.2024
183001;Heures SUP;00.00;24.04.2024;24.04.2024
183001;Pont;09.87;24.04.2024;24.04.2024
183001;Unité Piquet;00.00;24.04.2024;24.04.2024
183001;Vacances;25.00;24.04.2024;24.04.2024
187001;Heures BAL;27.35;24.04.2024;24.04.2024
187001;Heures SUP;03.72;24.04.2024;24.04.2024
187001;Pont;14.20;24.04.2024;24.04.2024
187001;Unité Piquet;18.00;24.04.2024;24.04.2024
187001;Vacances;24.00;24.04.2024;24.04.2024
194001;Heures BAL;02.52;24.04.2024;24.04.2024
194001;Heures SUP;09.42;24.04.2024;24.04.2024
194001;Pont;13.13;24.04.2024;24.04.2024
194001;Unité Piquet;00.00;24.04.2024;24.04.2024
194001;Vacances;11.50;24.04.2024;24.04.2024
195001;Heures BAL;06.50;24.04.2024;24.04.2024
195001;Heures SUP;00.42;24.04.2024;24.04.2024
195001;Pont;14.40;24.04.2024;24.04.2024
195001;Unité Piquet;00.00;24.04.2024;24.04.2024
195001;Vacances;24.00;24.04.2024;24.04.2024
198001;Heures BAL;76.40;24.04.2024;24.04.2024
198001;Heures SUP;53.65;24.04.2024;24.04.2024
198001;Pont;14.80;24.04.2024;24.04.2024
198001;Unité Piquet;00.00;24.04.2024;24.04.2024
198001;Vacances;33.50;24.04.2024;24.04.2024
198003;Heures BAL;04.72;24.04.2024;24.04.2024
198003;Heures SUP;04.30;24.04.2024;24.04.2024
198003;Pont;11.17;24.04.2024;24.04.2024
198003;Unité Piquet;00.00;24.04.2024;24.04.2024
198003;Vacances;20.00;24.04.2024;24.04.2024
198004;Heures BAL;00.00;24.04.2024;24.04.2024
198004;Heures SUP;00.00;24.04.2024;24.04.2024
198004;Pont;00.00;24.04.2024;24.04.2024
198004;Unité Piquet;00.00;24.04.2024;24.04.2024
198004;Vacances;34.00;24.04.2024;24.04.2024
199001;Heures BAL;00.00;24.04.2024;24.04.2024
199001;Heures SUP;00.00;24.04.2024;24.04.2024
199001;Pont;00.00;24.04.2024;24.04.2024
199001;Unité Piquet;00.00;24.04.2024;24.04.2024
199001;Vacances;74.50;24.04.2024;24.04.2024
203001;Heures BAL;45.90;24.04.2024;24.04.2024
203001;Heures SUP;39.93;24.04.2024;24.04.2024
203001;Pont;13.60;24.04.2024;24.04.2024
203001;Unité Piquet;00.00;24.04.2024;24.04.2024
203001;Vacances;25.00;24.04.2024;24.04.2024
208001;Heures BAL;00.00;24.04.2024;24.04.2024
208001;Heures SUP;00.00;24.04.2024;24.04.2024
208001;Pont;00.00;24.04.2024;24.04.2024
208001;Unité Piquet;00.00;24.04.2024;24.04.2024
208001;Vacances;0.00;24.04.2024;24.04.2024
211001;Heures BAL;70.75;24.04.2024;24.04.2024
211001;Heures SUP;37.83;24.04.2024;24.04.2024
211001;Pont;12.17;24.04.2024;24.04.2024
211001;Unité Piquet;00.00;24.04.2024;24.04.2024
211001;Vacances;44.00;24.04.2024;24.04.2024
219001;Heures BAL;50.78;24.04.2024;24.04.2024
219001;Heures SUP;00.00;24.04.2024;24.04.2024
219001;Pont;12.50;24.04.2024;24.04.2024
219001;Unité Piquet;00.00;24.04.2024;24.04.2024
219001;Vacances;23.00;24.04.2024;24.04.2024
219002;Heures BAL;25.85;24.04.2024;24.04.2024
219002;Heures SUP;00.07;24.04.2024;24.04.2024
219002;Pont;06.60;24.04.2024;24.04.2024
219002;Unité Piquet;00.00;24.04.2024;24.04.2024
219002;Vacances;21.00;24.04.2024;24.04.2024
231001;Heures BAL;53.58;24.04.2024;24.04.2024
231001;Heures SUP;14.35;24.04.2024;24.04.2024
231001;Pont;15.40;24.04.2024;24.04.2024
231001;Unité Piquet;00.00;24.04.2024;24.04.2024
231001;Vacances;25.00;24.04.2024;24.04.2024
234002;Heures BAL;53.28;24.04.2024;24.04.2024
234002;Heures SUP;01.72;24.04.2024;24.04.2024
234002;Pont;15.40;24.04.2024;24.04.2024
234002;Unité Piquet;00.00;24.04.2024;24.04.2024
234002;Vacances;27.00;24.04.2024;24.04.2024
239001;Heures BAL;-03.90;24.04.2024;24.04.2024
239001;Heures SUP;01.38;24.04.2024;24.04.2024
239001;Pont;15.20;24.04.2024;24.04.2024
239001;Unité Piquet;00.00;24.04.2024;24.04.2024
239001;Vacances;29.00;24.04.2024;24.04.2024
250001;Heures BAL;00.00;24.04.2024;24.04.2024
250001;Heures SUP;00.00;24.04.2024;24.04.2024
250001;Pont;00.00;24.04.2024;24.04.2024
250001;Unité Piquet;00.00;24.04.2024;24.04.2024
250001;Vacances;0.00;24.04.2024;24.04.2024
251001;Heures BAL;69.77;24.04.2024;24.04.2024
251001;Heures SUP;49.87;24.04.2024;24.04.2024
251001;Pont;15.40;24.04.2024;24.04.2024
251001;Unité Piquet;00.00;24.04.2024;24.04.2024
251001;Vacances;39.00;24.04.2024;24.04.2024
251006;Heures BAL;29.23;24.04.2024;24.04.2024
251006;Heures SUP;38.28;24.04.2024;24.04.2024
251006;Pont;15.00;24.04.2024;24.04.2024
251006;Unité Piquet;18.00;24.04.2024;24.04.2024
251006;Vacances;25.00;24.04.2024;24.04.2024
252001;Heures BAL;66.95;24.04.2024;24.04.2024
252001;Heures SUP;00.00;24.04.2024;24.04.2024
252001;Pont;15.40;24.04.2024;24.04.2024
252001;Unité Piquet;00.00;24.04.2024;24.04.2024
252001;Vacances;33.50;24.04.2024;24.04.2024
253001;Heures BAL;112.65;24.04.2024;24.04.2024
253001;Heures SUP;54.70;24.04.2024;24.04.2024
253001;Pont;15.00;24.04.2024;24.04.2024
253001;Unité Piquet;00.00;24.04.2024;24.04.2024
253001;Vacances;27.00;24.04.2024;24.04.2024
253004;Heures BAL;55.53;24.04.2024;24.04.2024
253004;Heures SUP;-05.40;24.04.2024;24.04.2024
253004;Pont;14.20;24.04.2024;24.04.2024
253004;Unité Piquet;00.00;24.04.2024;24.04.2024
253004;Vacances;29.00;24.04.2024;24.04.2024
254002;Heures BAL;147.87;24.04.2024;24.04.2024
254002;Heures SUP;41.40;24.04.2024;24.04.2024
254002;Pont;14.00;24.04.2024;24.04.2024
254002;Unité Piquet;00.00;24.04.2024;24.04.2024
254002;Vacances;28.00;24.04.2024;24.04.2024
254004;Heures BAL;01.20;24.04.2024;24.04.2024
254004;Heures SUP;20.30;24.04.2024;24.04.2024
254004;Pont;11.67;24.04.2024;24.04.2024
254004;Unité Piquet;00.00;24.04.2024;24.04.2024
254004;Vacances;20.00;24.04.2024;24.04.2024
254009;Heures BAL;24.95;24.04.2024;24.04.2024
254009;Heures SUP;48.50;24.04.2024;24.04.2024
254009;Pont;15.00;24.04.2024;24.04.2024
254009;Unité Piquet;00.00;24.04.2024;24.04.2024
254009;Vacances;23.00;24.04.2024;24.04.2024
254010;Heures BAL;08.58;24.04.2024;24.04.2024
254010;Heures SUP;00.57;24.04.2024;24.04.2024
254010;Pont;14.80;24.04.2024;24.04.2024
254010;Unité Piquet;00.00;24.04.2024;24.04.2024
254010;Vacances;20.50;24.04.2024;24.04.2024
255002;Heures BAL;16.02;24.04.2024;24.04.2024
255002;Heures SUP;53.10;24.04.2024;24.04.2024
255002;Pont;15.60;24.04.2024;24.04.2024
255002;Unité Piquet;00.00;24.04.2024;24.04.2024
255002;Vacances;45.00;24.04.2024;24.04.2024
256003;Heures BAL;162.98;24.04.2024;24.04.2024
256003;Heures SUP;35.12;24.04.2024;24.04.2024
256003;Pont;15.00;24.04.2024;24.04.2024
256003;Unité Piquet;18.00;24.04.2024;24.04.2024
256003;Vacances;26.00;24.04.2024;24.04.2024
257002;Heures BAL;-06.95;24.04.2024;24.04.2024
257002;Heures SUP;00.00;24.04.2024;24.04.2024
257002;Pont;15.00;24.04.2024;24.04.2024
257002;Unité Piquet;00.00;24.04.2024;24.04.2024
257002;Vacances;29.00;24.04.2024;24.04.2024
259002;Heures BAL;00.00;24.04.2024;24.04.2024
259002;Heures SUP;00.00;24.04.2024;24.04.2024
259002;Pont;00.00;24.04.2024;24.04.2024
259002;Unité Piquet;00.00;24.04.2024;24.04.2024
259002;Vacances;25.00;24.04.2024;24.04.2024
261004;Heures BAL;29.17;24.04.2024;24.04.2024
261004;Heures SUP;13.05;24.04.2024;24.04.2024
261004;Pont;12.17;24.04.2024;24.04.2024
261004;Unité Piquet;00.00;24.04.2024;24.04.2024
261004;Vacances;27.00;24.04.2024;24.04.2024
261005;Heures BAL;-04.60;24.04.2024;24.04.2024
261005;Heures SUP;00.00;24.04.2024;24.04.2024
261005;Pont;13.80;24.04.2024;24.04.2024
261005;Unité Piquet;00.00;24.04.2024;24.04.2024
261005;Vacances;23.50;24.04.2024;24.04.2024
261006;Heures BAL;76.12;24.04.2024;24.04.2024
261006;Heures SUP;04.15;24.04.2024;24.04.2024
261006;Pont;15.60;24.04.2024;24.04.2024
261006;Unité Piquet;00.00;24.04.2024;24.04.2024
261006;Vacances;38.00;24.04.2024;24.04.2024
263002;Heures BAL;121.97;24.04.2024;24.04.2024
263002;Heures SUP;05.12;24.04.2024;24.04.2024
263002;Pont;13.20;24.04.2024;24.04.2024
263002;Unité Piquet;00.00;24.04.2024;24.04.2024
263002;Vacances;23.00;24.04.2024;24.04.2024
264002;Heures BAL;-10.68;24.04.2024;24.04.2024
264002;Heures SUP;15.98;24.04.2024;24.04.2024
264002;Pont;14.40;24.04.2024;24.04.2024
264002;Unité Piquet;00.00;24.04.2024;24.04.2024
264002;Vacances;30.50;24.04.2024;24.04.2024
264003;Heures BAL;00.00;24.04.2024;24.04.2024
264003;Heures SUP;00.00;24.04.2024;24.04.2024
264003;Pont;00.00;24.04.2024;24.04.2024
264003;Unité Piquet;00.00;24.04.2024;24.04.2024
264003;Vacances;34.50;24.04.2024;24.04.2024
265001;Heures BAL;06.43;24.04.2024;24.04.2024
265001;Heures SUP;00.00;24.04.2024;24.04.2024
265001;Pont;13.80;24.04.2024;24.04.2024
265001;Unité Piquet;00.00;24.04.2024;24.04.2024
265001;Vacances;21.00;24.04.2024;24.04.2024
265002;Heures BAL;-25.98;24.04.2024;24.04.2024
265002;Heures SUP;08.88;24.04.2024;24.04.2024
265002;Pont;06.70;24.04.2024;24.04.2024
265002;Unité Piquet;00.00;24.04.2024;24.04.2024
265002;Vacances;25.50;24.04.2024;24.04.2024
266004;Heures BAL;129.27;24.04.2024;24.04.2024
266004;Heures SUP;35.07;24.04.2024;24.04.2024
266004;Pont;15.00;24.04.2024;24.04.2024
266004;Unité Piquet;00.00;24.04.2024;24.04.2024
266004;Vacances;25.50;24.04.2024;24.04.2024
266005;Heures BAL;00.00;24.04.2024;24.04.2024
266005;Heures SUP;00.00;24.04.2024;24.04.2024
266005;Pont;00.00;24.04.2024;24.04.2024
266005;Unité Piquet;00.00;24.04.2024;24.04.2024
266005;Vacances;31.50;24.04.2024;24.04.2024
266006;Heures BAL;18.63;24.04.2024;24.04.2024
266006;Heures SUP;02.33;24.04.2024;24.04.2024
266006;Pont;15.40;24.04.2024;24.04.2024
266006;Unité Piquet;00.00;24.04.2024;24.04.2024
266006;Vacances;26.00;24.04.2024;24.04.2024
267004;Heures BAL;30.70;24.04.2024;24.04.2024
267004;Heures SUP;17.02;24.04.2024;24.04.2024
267004;Pont;13.80;24.04.2024;24.04.2024
267004;Unité Piquet;26.00;24.04.2024;24.04.2024
267004;Vacances;26.00;24.04.2024;24.04.2024
269001;Heures BAL;11.03;24.04.2024;24.04.2024
269001;Heures SUP;00.97;24.04.2024;24.04.2024
269001;Pont;14.80;24.04.2024;24.04.2024
269001;Unité Piquet;00.00;24.04.2024;24.04.2024
269001;Vacances;28.00;24.04.2024;24.04.2024
270002;Heures BAL;01.70;24.04.2024;24.04.2024
270002;Heures SUP;00.00;24.04.2024;24.04.2024
270002;Pont;15.60;24.04.2024;24.04.2024
270002;Unité Piquet;00.00;24.04.2024;24.04.2024
270002;Vacances;30.00;24.04.2024;24.04.2024
271001;Heures BAL;10.67;24.04.2024;24.04.2024
271001;Heures SUP;00.00;24.04.2024;24.04.2024
271001;Pont;00.00;24.04.2024;24.04.2024
271001;Unité Piquet;00.00;24.04.2024;24.04.2024
271001;Vacances;33.00;24.04.2024;24.04.2024
271003;Heures BAL;53.57;24.04.2024;24.04.2024
271003;Heures SUP;47.17;24.04.2024;24.04.2024
271003;Pont;15.60;24.04.2024;24.04.2024
271003;Unité Piquet;00.00;24.04.2024;24.04.2024
271003;Vacances;35.00;24.04.2024;24.04.2024
272001;Heures BAL;91.30;24.04.2024;24.04.2024
272001;Heures SUP;-10.02;24.04.2024;24.04.2024
272001;Pont;15.60;24.04.2024;24.04.2024
272001;Unité Piquet;00.00;24.04.2024;24.04.2024
272001;Vacances;34.00;24.04.2024;24.04.2024
274001;Heures BAL;14.13;24.04.2024;24.04.2024
274001;Heures SUP;08.18;24.04.2024;24.04.2024
274001;Pont;15.60;24.04.2024;24.04.2024
274001;Unité Piquet;00.00;24.04.2024;24.04.2024
274001;Vacances;31.50;24.04.2024;24.04.2024
275006;Heures BAL;11.48;24.04.2024;24.04.2024
275006;Heures SUP;01.00;24.04.2024;24.04.2024
275006;Pont;00.00;24.04.2024;24.04.2024
275006;Unité Piquet;00.00;24.04.2024;24.04.2024
275006;Vacances;21.00;24.04.2024;24.04.2024
276001;Heures BAL;91.48;24.04.2024;24.04.2024
276001;Heures SUP;50.62;24.04.2024;24.04.2024
276001;Pont;16.40;24.04.2024;24.04.2024
276001;Unité Piquet;00.00;24.04.2024;24.04.2024
276001;Vacances;31.00;24.04.2024;24.04.2024
277008;Heures BAL;34.52;24.04.2024;24.04.2024
277008;Heures SUP;08.35;24.04.2024;24.04.2024
277008;Pont;15.20;24.04.2024;24.04.2024
277008;Unité Piquet;00.00;24.04.2024;24.04.2024
277008;Vacances;25.00;24.04.2024;24.04.2024
277009;Heures BAL;03.17;24.04.2024;24.04.2024
277009;Heures SUP;00.00;24.04.2024;24.04.2024
277009;Pont;12.20;24.04.2024;24.04.2024
277009;Unité Piquet;00.00;24.04.2024;24.04.2024
277009;Vacances;8.00;24.04.2024;24.04.2024
278001;Heures BAL;55.67;24.04.2024;24.04.2024
278001;Heures SUP;31.53;24.04.2024;24.04.2024
278001;Pont;15.00;24.04.2024;24.04.2024
278001;Unité Piquet;00.00;24.04.2024;24.04.2024
278001;Vacances;32.00;24.04.2024;24.04.2024
279001;Heures BAL;105.37;24.04.2024;24.04.2024
279001;Heures SUP;09.80;24.04.2024;24.04.2024
279001;Pont;15.60;24.04.2024;24.04.2024
279001;Unité Piquet;00.00;24.04.2024;24.04.2024
279001;Vacances;30.00;24.04.2024;24.04.2024
279002;Heures BAL;00.00;24.04.2024;24.04.2024
279002;Heures SUP;09.62;24.04.2024;24.04.2024
279002;Pont;00.00;24.04.2024;24.04.2024
279002;Unité Piquet;00.00;24.04.2024;24.04.2024
279002;Vacances;0.00;24.04.2024;24.04.2024
281002;Heures BAL;14.87;24.04.2024;24.04.2024
281002;Heures SUP;26.93;24.04.2024;24.04.2024
281002;Pont;12.17;24.04.2024;24.04.2024
281002;Unité Piquet;00.00;24.04.2024;24.04.2024
281002;Vacances;30.00;24.04.2024;24.04.2024
283001;Heures BAL;44.60;24.04.2024;24.04.2024
283001;Heures SUP;13.30;24.04.2024;24.04.2024
283001;Pont;15.00;24.04.2024;24.04.2024
283001;Unité Piquet;26.00;24.04.2024;24.04.2024
283001;Vacances;30.00;24.04.2024;24.04.2024
284001;Heures BAL;37.82;24.04.2024;24.04.2024
284001;Heures SUP;09.67;24.04.2024;24.04.2024
284001;Pont;14.60;24.04.2024;24.04.2024
284001;Unité Piquet;00.00;24.04.2024;24.04.2024
284001;Vacances;30.00;24.04.2024;24.04.2024
285003;Heures BAL;86.67;24.04.2024;24.04.2024
285003;Heures SUP;05.00;24.04.2024;24.04.2024
285003;Pont;13.80;24.04.2024;24.04.2024
285003;Unité Piquet;03.00;24.04.2024;24.04.2024
285003;Vacances;23.00;24.04.2024;24.04.2024
285004;Heures BAL;103.92;24.04.2024;24.04.2024
285004;Heures SUP;32.40;24.04.2024;24.04.2024
285004;Pont;12.60;24.04.2024;24.04.2024
285004;Unité Piquet;00.00;24.04.2024;24.04.2024
285004;Vacances;32.50;24.04.2024;24.04.2024
285006;Heures BAL;37.68;24.04.2024;24.04.2024
285006;Heures SUP;08.55;24.04.2024;24.04.2024
285006;Pont;15.60;24.04.2024;24.04.2024
285006;Unité Piquet;00.00;24.04.2024;24.04.2024
285006;Vacances;31.50;24.04.2024;24.04.2024
287001;Heures BAL;33.18;24.04.2024;24.04.2024
287001;Heures SUP;10.98;24.04.2024;24.04.2024
287001;Pont;14.20;24.04.2024;24.04.2024
287001;Unité Piquet;00.00;24.04.2024;24.04.2024
287001;Vacances;27.00;24.04.2024;24.04.2024
287007;Heures BAL;28.48;24.04.2024;24.04.2024
287007;Heures SUP;00.00;24.04.2024;24.04.2024
287007;Pont;15.20;24.04.2024;24.04.2024
287007;Unité Piquet;00.00;24.04.2024;24.04.2024
287007;Vacances;31.50;24.04.2024;24.04.2024
287011;Heures BAL;61.48;24.04.2024;24.04.2024
287011;Heures SUP;22.00;24.04.2024;24.04.2024
287011;Pont;15.00;24.04.2024;24.04.2024
287011;Unité Piquet;00.00;24.04.2024;24.04.2024
287011;Vacances;29.00;24.04.2024;24.04.2024
288004;Heures BAL;-05.82;24.04.2024;24.04.2024
288004;Heures SUP;02.13;24.04.2024;24.04.2024
288004;Pont;13.00;24.04.2024;24.04.2024
288004;Unité Piquet;00.00;24.04.2024;24.04.2024
288004;Vacances;19.50;24.04.2024;24.04.2024
289001;Heures BAL;24.02;24.04.2024;24.04.2024
289001;Heures SUP;18.60;24.04.2024;24.04.2024
289001;Pont;14.80;24.04.2024;24.04.2024
289001;Unité Piquet;18.00;24.04.2024;24.04.2024
289001;Vacances;30.00;24.04.2024;24.04.2024
289002;Heures BAL;83.50;24.04.2024;24.04.2024
289002;Heures SUP;54.58;24.04.2024;24.04.2024
289002;Pont;14.80;24.04.2024;24.04.2024
289002;Unité Piquet;24.00;24.04.2024;24.04.2024
289002;Vacances;22.00;24.04.2024;24.04.2024
289003;Heures BAL;83.98;24.04.2024;24.04.2024
289003;Heures SUP;06.85;24.04.2024;24.04.2024
289003;Pont;14.20;24.04.2024;24.04.2024
289003;Unité Piquet;00.00;24.04.2024;24.04.2024
289003;Vacances;25.50;24.04.2024;24.04.2024
290001;Heures BAL;150.00;24.04.2024;24.04.2024
290001;Heures SUP;13.88;24.04.2024;24.04.2024
290001;Pont;15.60;24.04.2024;24.04.2024
290001;Unité Piquet;00.00;24.04.2024;24.04.2024
290001;Vacances;46.50;24.04.2024;24.04.2024
290005;Heures BAL;24.73;24.04.2024;24.04.2024
290005;Heures SUP;15.18;24.04.2024;24.04.2024
290005;Pont;14.00;24.04.2024;24.04.2024
290005;Unité Piquet;00.00;24.04.2024;24.04.2024
290005;Vacances;21.50;24.04.2024;24.04.2024
292005;Heures BAL;00.00;24.04.2024;24.04.2024
292005;Heures SUP;00.00;24.04.2024;24.04.2024
292005;Pont;00.00;24.04.2024;24.04.2024
292005;Unité Piquet;00.00;24.04.2024;24.04.2024
292005;Vacances;0.00;24.04.2024;24.04.2024
292006;Heures BAL;150.00;24.04.2024;24.04.2024
292006;Heures SUP;26.65;24.04.2024;24.04.2024
292006;Pont;13.00;24.04.2024;24.04.2024
292006;Unité Piquet;00.00;24.04.2024;24.04.2024
292006;Vacances;38.50;24.04.2024;24.04.2024
292007;Heures BAL;30.12;24.04.2024;24.04.2024
292007;Heures SUP;00.00;24.04.2024;24.04.2024
292007;Pont;14.20;24.04.2024;24.04.2024
292007;Unité Piquet;00.00;24.04.2024;24.04.2024
292007;Vacances;26.00;24.04.2024;24.04.2024
293001;Heures BAL;86.28;24.04.2024;24.04.2024
293001;Heures SUP;32.15;24.04.2024;24.04.2024
293001;Pont;13.75;24.04.2024;24.04.2024
293001;Unité Piquet;00.00;24.04.2024;24.04.2024
293001;Vacances;34.00;24.04.2024;24.04.2024
293004;Heures BAL;18.40;24.04.2024;24.04.2024
293004;Heures SUP;16.32;24.04.2024;24.04.2024
293004;Pont;13.80;24.04.2024;24.04.2024
293004;Unité Piquet;18.00;24.04.2024;24.04.2024
293004;Vacances;26.00;24.04.2024;24.04.2024
293007;Heures BAL;00.00;24.04.2024;24.04.2024
293007;Heures SUP;00.00;24.04.2024;24.04.2024
293007;Pont;00.00;24.04.2024;24.04.2024
293007;Unité Piquet;00.00;24.04.2024;24.04.2024
293007;Vacances;26.00;24.04.2024;24.04.2024
295001;Heures BAL;-06.35;24.04.2024;24.04.2024
295001;Heures SUP;13.00;24.04.2024;24.04.2024
295001;Pont;11.20;24.04.2024;24.04.2024
295001;Unité Piquet;00.00;24.04.2024;24.04.2024
295001;Vacances;17.50;24.04.2024;24.04.2024
297001;Heures BAL;00.00;24.04.2024;24.04.2024
297001;Heures SUP;00.00;24.04.2024;24.04.2024
297001;Pont;00.00;24.04.2024;24.04.2024
297001;Unité Piquet;00.00;24.04.2024;24.04.2024
297001;Vacances;49.50;24.04.2024;24.04.2024
299001;Heures BAL;07.52;24.04.2024;24.04.2024
299001;Heures SUP;-04.00;24.04.2024;24.04.2024
299001;Pont;11.00;24.04.2024;24.04.2024
299001;Unité Piquet;00.00;24.04.2024;24.04.2024
299001;Vacances;13.00;24.04.2024;24.04.2024
310001;Heures BAL;00.00;24.04.2024;24.04.2024
310001;Heures SUP;00.00;24.04.2024;24.04.2024
310001;Pont;00.00;24.04.2024;24.04.2024
310001;Unité Piquet;00.00;24.04.2024;24.04.2024
310001;Vacances;44.00;24.04.2024;24.04.2024
315001;Heures BAL;61.42;24.04.2024;24.04.2024
315001;Heures SUP;-20.00;24.04.2024;24.04.2024
315001;Pont;15.60;24.04.2024;24.04.2024
315001;Unité Piquet;00.00;24.04.2024;24.04.2024
315001;Vacances;23.50;24.04.2024;24.04.2024
315002;Heures BAL;55.72;24.04.2024;24.04.2024
315002;Heures SUP;40.42;24.04.2024;24.04.2024
315002;Pont;15.00;24.04.2024;24.04.2024
315002;Unité Piquet;00.00;24.04.2024;24.04.2024
315002;Vacances;30.00;24.04.2024;24.04.2024
315003;Heures BAL;15.28;24.04.2024;24.04.2024
315003;Heures SUP;19.05;24.04.2024;24.04.2024
315003;Pont;13.80;24.04.2024;24.04.2024
315003;Unité Piquet;36.00;24.04.2024;24.04.2024
315003;Vacances;18.00;24.04.2024;24.04.2024
320002;Heures BAL;00.00;24.04.2024;24.04.2024
320002;Heures SUP;00.00;24.04.2024;24.04.2024
320002;Pont;00.00;24.04.2024;24.04.2024
320002;Unité Piquet;00.00;24.04.2024;24.04.2024
320002;Vacances;28.00;24.04.2024;24.04.2024
322002;Heures BAL;00.00;24.04.2024;24.04.2024
322002;Heures SUP;00.00;24.04.2024;24.04.2024
322002;Pont;00.00;24.04.2024;24.04.2024
322002;Unité Piquet;00.00;24.04.2024;24.04.2024
322002;Vacances;0.00;24.04.2024;24.04.2024
324002;Heures BAL;00.00;24.04.2024;24.04.2024
324002;Heures SUP;00.00;24.04.2024;24.04.2024
324002;Pont;00.00;24.04.2024;24.04.2024
324002;Unité Piquet;00.00;24.04.2024;24.04.2024
324002;Vacances;0.00;24.04.2024;24.04.2024
325001;Heures BAL;00.00;24.04.2024;24.04.2024
325001;Heures SUP;00.00;24.04.2024;24.04.2024
325001;Pont;00.00;24.04.2024;24.04.2024
325001;Unité Piquet;00.00;24.04.2024;24.04.2024
325001;Vacances;0.00;24.04.2024;24.04.2024
325002;Heures BAL;00.00;24.04.2024;24.04.2024
325002;Heures SUP;00.00;24.04.2024;24.04.2024
325002;Pont;00.00;24.04.2024;24.04.2024
325002;Unité Piquet;00.00;24.04.2024;24.04.2024
325002;Vacances;0.00;24.04.2024;24.04.2024
326001;Heures BAL;20.60;24.04.2024;24.04.2024
326001;Heures SUP;02.45;24.04.2024;24.04.2024
326001;Pont;09.20;24.04.2024;24.04.2024
326001;Unité Piquet;00.00;24.04.2024;24.04.2024
326001;Vacances;27.00;24.04.2024;24.04.2024
327001;Heures BAL;12.18;24.04.2024;24.04.2024
327001;Heures SUP;00.00;24.04.2024;24.04.2024
327001;Pont;12.00;24.04.2024;24.04.2024
327001;Unité Piquet;00.00;24.04.2024;24.04.2024
327001;Vacances;35.00;24.04.2024;24.04.2024
327003;Heures BAL;27.33;24.04.2024;24.04.2024
327003;Heures SUP;00.00;24.04.2024;24.04.2024
327003;Pont;15.60;24.04.2024;24.04.2024
327003;Unité Piquet;00.00;24.04.2024;24.04.2024
327003;Vacances;35.00;24.04.2024;24.04.2024
327005;Heures BAL;00.00;24.04.2024;24.04.2024
327005;Heures SUP;00.00;24.04.2024;24.04.2024
327005;Pont;00.00;24.04.2024;24.04.2024
327005;Unité Piquet;00.00;24.04.2024;24.04.2024
327005;Vacances;0.00;24.04.2024;24.04.2024
333001;Heures BAL;-126.85;24.04.2024;24.04.2024
333001;Heures SUP;09.45;24.04.2024;24.04.2024
333001;Pont;10.13;24.04.2024;24.04.2024
333001;Unité Piquet;36.00;24.04.2024;24.04.2024
333001;Vacances;25.00;24.04.2024;24.04.2024
335001;Heures BAL;00.00;24.04.2024;24.04.2024
335001;Heures SUP;00.00;24.04.2024;24.04.2024
335001;Pont;00.00;24.04.2024;24.04.2024
335001;Unité Piquet;00.00;24.04.2024;24.04.2024
335001;Vacances;0.00;24.04.2024;24.04.2024
337001;Heures BAL;62.93;24.04.2024;24.04.2024
337001;Heures SUP;45.45;24.04.2024;24.04.2024
337001;Pont;15.40;24.04.2024;24.04.2024
337001;Unité Piquet;18.00;24.04.2024;24.04.2024
337001;Vacances;29.00;24.04.2024;24.04.2024
338001;Heures BAL;155.82;24.04.2024;24.04.2024
338001;Heures SUP;53.17;24.04.2024;24.04.2024
338001;Pont;13.20;24.04.2024;24.04.2024
338001;Unité Piquet;06.50;24.04.2024;24.04.2024
338001;Vacances;28.00;24.04.2024;24.04.2024
338004;Heures BAL;21.80;24.04.2024;24.04.2024
338004;Heures SUP;15.75;24.04.2024;24.04.2024
338004;Pont;12.60;24.04.2024;24.04.2024
338004;Unité Piquet;00.00;24.04.2024;24.04.2024
338004;Vacances;14.50;24.04.2024;24.04.2024
338006;Heures BAL;73.53;24.04.2024;24.04.2024
338006;Heures SUP;25.38;24.04.2024;24.04.2024
338006;Pont;15.60;24.04.2024;24.04.2024
338006;Unité Piquet;00.00;24.04.2024;24.04.2024
338006;Vacances;30.00;24.04.2024;24.04.2024
351003;Heures BAL;26.78;24.04.2024;24.04.2024
351003;Heures SUP;49.75;24.04.2024;24.04.2024
351003;Pont;14.80;24.04.2024;24.04.2024
351003;Unité Piquet;18.00;24.04.2024;24.04.2024
351003;Vacances;21.00;24.04.2024;24.04.2024
355001;Heures BAL;00.00;24.04.2024;24.04.2024
355001;Heures SUP;00.00;24.04.2024;24.04.2024
355001;Pont;00.00;24.04.2024;24.04.2024
355001;Unité Piquet;00.00;24.04.2024;24.04.2024
355001;Vacances;36.00;24.04.2024;24.04.2024
361004;Heures BAL;00.00;24.04.2024;24.04.2024
361004;Heures SUP;00.00;24.04.2024;24.04.2024
361004;Pont;00.00;24.04.2024;24.04.2024
361004;Unité Piquet;00.00;24.04.2024;24.04.2024
361004;Vacances;37.00;24.04.2024;24.04.2024
363001;Heures BAL;20.58;24.04.2024;24.04.2024
363001;Heures SUP;10.83;24.04.2024;24.04.2024
363001;Pont;11.20;24.04.2024;24.04.2024
363001;Unité Piquet;39.00;24.04.2024;24.04.2024
363001;Vacances;22.00;24.04.2024;24.04.2024
368003;Heures BAL;00.00;24.04.2024;24.04.2024
368003;Heures SUP;00.00;24.04.2024;24.04.2024
368003;Pont;00.00;24.04.2024;24.04.2024
368003;Unité Piquet;00.00;24.04.2024;24.04.2024
368003;Vacances;21.50;24.04.2024;24.04.2024
369001;Heures BAL;00.00;24.04.2024;24.04.2024
369001;Heures SUP;00.00;24.04.2024;24.04.2024
369001;Pont;00.00;24.04.2024;24.04.2024
369001;Unité Piquet;00.00;24.04.2024;24.04.2024
369001;Vacances;0.00;24.04.2024;24.04.2024
369002;Heures BAL;129.48;24.04.2024;24.04.2024
369002;Heures SUP;-24.05;24.04.2024;24.04.2024
369002;Pont;14.00;24.04.2024;24.04.2024
369002;Unité Piquet;21.00;24.04.2024;24.04.2024
369002;Vacances;34.00;24.04.2024;24.04.2024
369006;Heures BAL;00.00;24.04.2024;24.04.2024
369006;Heures SUP;00.00;24.04.2024;24.04.2024
369006;Pont;00.00;24.04.2024;24.04.2024
369006;Unité Piquet;00.00;24.04.2024;24.04.2024
369006;Vacances;23.00;24.04.2024;24.04.2024
375004;Heures BAL;46.78;24.04.2024;24.04.2024
375004;Heures SUP;10.33;24.04.2024;24.04.2024
375004;Pont;13.60;24.04.2024;24.04.2024
375004;Unité Piquet;00.00;24.04.2024;24.04.2024
375004;Vacances;21.00;24.04.2024;24.04.2024
376003;Heures BAL;121.53;24.04.2024;24.04.2024
376003;Heures SUP;00.00;24.04.2024;24.04.2024
376003;Pont;11.67;24.04.2024;24.04.2024
376003;Unité Piquet;00.00;24.04.2024;24.04.2024
376003;Vacances;21.50;24.04.2024;24.04.2024
382001;Heures BAL;47.35;24.04.2024;24.04.2024
382001;Heures SUP;00.00;24.04.2024;24.04.2024
382001;Pont;15.00;24.04.2024;24.04.2024
382001;Unité Piquet;00.00;24.04.2024;24.04.2024
382001;Vacances;22.50;24.04.2024;24.04.2024
390003;Heures BAL;129.72;24.04.2024;24.04.2024
390003;Heures SUP;03.92;24.04.2024;24.04.2024
390003;Pont;13.60;24.04.2024;24.04.2024
390003;Unité Piquet;00.00;24.04.2024;24.04.2024
390003;Vacances;28.00;24.04.2024;24.04.2024
393001;Heures BAL;157.88;24.04.2024;24.04.2024
393001;Heures SUP;49.25;24.04.2024;24.04.2024
393001;Pont;13.40;24.04.2024;24.04.2024
393001;Unité Piquet;00.00;24.04.2024;24.04.2024
393001;Vacances;27.00;24.04.2024;24.04.2024
393003;Heures BAL;64.43;24.04.2024;24.04.2024
393003;Heures SUP;32.68;24.04.2024;24.04.2024
393003;Pont;08.80;24.04.2024;24.04.2024
393003;Unité Piquet;00.00;24.04.2024;24.04.2024
393003;Vacances;26.50;24.04.2024;24.04.2024
398005;Heures BAL;-05.82;24.04.2024;24.04.2024
398005;Heures SUP;00.00;24.04.2024;24.04.2024
398005;Pont;05.83;24.04.2024;24.04.2024
398005;Unité Piquet;00.00;24.04.2024;24.04.2024
398005;Vacances;21.00;24.04.2024;24.04.2024
401001;Heures BAL;157.55;24.04.2024;24.04.2024
401001;Heures SUP;09.00;24.04.2024;24.04.2024
401001;Pont;14.00;24.04.2024;24.04.2024
401001;Unité Piquet;00.00;24.04.2024;24.04.2024
401001;Vacances;30.00;24.04.2024;24.04.2024
404004;Heures BAL;58.03;24.04.2024;24.04.2024
404004;Heures SUP;47.33;24.04.2024;24.04.2024
404004;Pont;15.60;24.04.2024;24.04.2024
404004;Unité Piquet;00.00;24.04.2024;24.04.2024
404004;Vacances;50.50;24.04.2024;24.04.2024
404008;Heures BAL;14.68;24.04.2024;24.04.2024
404008;Heures SUP;00.33;24.04.2024;24.04.2024
404008;Pont;12.83;24.04.2024;24.04.2024
404008;Unité Piquet;00.00;24.04.2024;24.04.2024
404008;Vacances;19.00;24.04.2024;24.04.2024
404010;Heures BAL;07.05;24.04.2024;24.04.2024
404010;Heures SUP;14.75;24.04.2024;24.04.2024
404010;Pont;14.80;24.04.2024;24.04.2024
404010;Unité Piquet;00.00;24.04.2024;24.04.2024
404010;Vacances;22.00;24.04.2024;24.04.2024
406002;Heures BAL;79.15;24.04.2024;24.04.2024
406002;Heures SUP;36.27;24.04.2024;24.04.2024
406002;Pont;12.17;24.04.2024;24.04.2024
406002;Unité Piquet;18.00;24.04.2024;24.04.2024
406002;Vacances;25.00;24.04.2024;24.04.2024
413005;Heures BAL;00.00;24.04.2024;24.04.2024
413005;Heures SUP;00.00;24.04.2024;24.04.2024
413005;Pont;00.00;24.04.2024;24.04.2024
413005;Unité Piquet;18.00;24.04.2024;24.04.2024
413005;Vacances;43.50;24.04.2024;24.04.2024
415001;Heures BAL;57.48;24.04.2024;24.04.2024
415001;Heures SUP;50.00;24.04.2024;24.04.2024
415001;Pont;14.20;24.04.2024;24.04.2024
415001;Unité Piquet;00.00;24.04.2024;24.04.2024
415001;Vacances;33.00;24.04.2024;24.04.2024
421001;Heures BAL;34.72;24.04.2024;24.04.2024
421001;Heures SUP;00.00;24.04.2024;24.04.2024
421001;Pont;12.60;24.04.2024;24.04.2024
421001;Unité Piquet;18.00;24.04.2024;24.04.2024
421001;Vacances;17.00;24.04.2024;24.04.2024
421002;Heures BAL;-01.85;24.04.2024;24.04.2024
421002;Heures SUP;00.00;24.04.2024;24.04.2024
421002;Pont;14.40;24.04.2024;24.04.2024
421002;Unité Piquet;00.00;24.04.2024;24.04.2024
421002;Vacances;19.00;24.04.2024;24.04.2024
422001;Heures BAL;70.23;24.04.2024;24.04.2024
422001;Heures SUP;05.22;24.04.2024;24.04.2024
422001;Pont;15.00;24.04.2024;24.04.2024
422001;Unité Piquet;00.00;24.04.2024;24.04.2024
422001;Vacances;24.00;24.04.2024;24.04.2024
422005;Heures BAL;-00.13;24.04.2024;24.04.2024
422005;Heures SUP;00.00;24.04.2024;24.04.2024
422005;Pont;12.40;24.04.2024;24.04.2024
422005;Unité Piquet;00.00;24.04.2024;24.04.2024
422005;Vacances;4.50;24.04.2024;24.04.2024
424001;Heures BAL;105.70;24.04.2024;24.04.2024
424001;Heures SUP;56.50;24.04.2024;24.04.2024
424001;Pont;14.20;24.04.2024;24.04.2024
424001;Unité Piquet;18.00;24.04.2024;24.04.2024
424001;Vacances;30.00;24.04.2024;24.04.2024
424003;Heures BAL;-03.30;24.04.2024;24.04.2024
424003;Heures SUP;00.00;24.04.2024;24.04.2024
424003;Pont;13.57;24.04.2024;24.04.2024
424003;Unité Piquet;00.00;24.04.2024;24.04.2024
424003;Vacances;21.00;24.04.2024;24.04.2024
438002;Heures BAL;17.07;24.04.2024;24.04.2024
438002;Heures SUP;00.35;24.04.2024;24.04.2024
438002;Pont;14.40;24.04.2024;24.04.2024
438002;Unité Piquet;00.00;24.04.2024;24.04.2024
438002;Vacances;24.00;24.04.2024;24.04.2024
438003;Heures BAL;03.73;24.04.2024;24.04.2024
438003;Heures SUP;17.30;24.04.2024;24.04.2024
438003;Pont;15.40;24.04.2024;24.04.2024
438003;Unité Piquet;00.00;24.04.2024;24.04.2024
438003;Vacances;29.00;24.04.2024;24.04.2024
463001;Heures BAL;12.05;24.04.2024;24.04.2024
463001;Heures SUP;02.70;24.04.2024;24.04.2024
463001;Pont;14.20;24.04.2024;24.04.2024
463001;Unité Piquet;00.00;24.04.2024;24.04.2024
463001;Vacances;18.00;24.04.2024;24.04.2024
465001;Heures BAL;87.13;24.04.2024;24.04.2024
465001;Heures SUP;48.08;24.04.2024;24.04.2024
465001;Pont;12.40;24.04.2024;24.04.2024
465001;Unité Piquet;00.00;24.04.2024;24.04.2024
465001;Vacances;20.00;24.04.2024;24.04.2024
471001;Heures BAL;00.00;24.04.2024;24.04.2024
471001;Heures SUP;00.00;24.04.2024;24.04.2024
471001;Pont;00.00;24.04.2024;24.04.2024
471001;Unité Piquet;00.00;24.04.2024;24.04.2024
471001;Vacances;29.00;24.04.2024;24.04.2024
472002;Heures BAL;54.12;24.04.2024;24.04.2024
472002;Heures SUP;00.00;24.04.2024;24.04.2024
472002;Pont;15.60;24.04.2024;24.04.2024
472002;Unité Piquet;00.00;24.04.2024;24.04.2024
472002;Vacances;14.00;24.04.2024;24.04.2024
476002;Heures BAL;37.63;24.04.2024;24.04.2024
476002;Heures SUP;01.48;24.04.2024;24.04.2024
476002;Pont;11.25;24.04.2024;24.04.2024
476002;Unité Piquet;00.00;24.04.2024;24.04.2024
476002;Vacances;20.00;24.04.2024;24.04.2024
483001;Heures BAL;60.70;24.04.2024;24.04.2024
483001;Heures SUP;42.00;24.04.2024;24.04.2024
483001;Pont;15.60;24.04.2024;24.04.2024
483001;Unité Piquet;00.00;24.04.2024;24.04.2024
483001;Vacances;38.00;24.04.2024;24.04.2024
483002;Heures BAL;09.92;24.04.2024;24.04.2024
483002;Heures SUP;01.50;24.04.2024;24.04.2024
483002;Pont;15.60;24.04.2024;24.04.2024
483002;Unité Piquet;00.00;24.04.2024;24.04.2024
483002;Vacances;27.50;24.04.2024;24.04.2024
489006;Heures BAL;-07.30;24.04.2024;24.04.2024
489006;Heures SUP;04.95;24.04.2024;24.04.2024
489006;Pont;14.60;24.04.2024;24.04.2024
489006;Unité Piquet;18.00;24.04.2024;24.04.2024
489006;Vacances;19.00;24.04.2024;24.04.2024
490003;Heures BAL;-03.47;24.04.2024;24.04.2024
490003;Heures SUP;04.05;24.04.2024;24.04.2024
490003;Pont;15.60;24.04.2024;24.04.2024
490003;Unité Piquet;00.00;24.04.2024;24.04.2024
490003;Vacances;25.00;24.04.2024;24.04.2024
500002;Heures BAL;28.03;24.04.2024;24.04.2024
500002;Heures SUP;29.03;24.04.2024;24.04.2024
500002;Pont;13.02;24.04.2024;24.04.2024
500002;Unité Piquet;00.00;24.04.2024;24.04.2024
500002;Vacances;28.00;24.04.2024;24.04.2024
501001;Heures BAL;48.28;24.04.2024;24.04.2024
501001;Heures SUP;00.00;24.04.2024;24.04.2024
501001;Pont;14.00;24.04.2024;24.04.2024
501001;Unité Piquet;00.00;24.04.2024;24.04.2024
501001;Vacances;32.00;24.04.2024;24.04.2024
502002;Heures BAL;58.48;24.04.2024;24.04.2024
502002;Heures SUP;00.00;24.04.2024;24.04.2024
502002;Pont;09.20;24.04.2024;24.04.2024
502002;Unité Piquet;00.00;24.04.2024;24.04.2024
502002;Vacances;10.50;24.04.2024;24.04.2024
502003;Heures BAL;00.00;24.04.2024;24.04.2024
502003;Heures SUP;00.00;24.04.2024;24.04.2024
502003;Pont;00.00;24.04.2024;24.04.2024
502003;Unité Piquet;00.00;24.04.2024;24.04.2024
502003;Vacances;0.00;24.04.2024;24.04.2024
502004;Heures BAL;00.00;24.04.2024;24.04.2024
502004;Heures SUP;00.00;24.04.2024;24.04.2024
502004;Pont;00.00;24.04.2024;24.04.2024
502004;Unité Piquet;00.00;24.04.2024;24.04.2024
502004;Vacances;0.00;24.04.2024;24.04.2024
503001;Heures BAL;00.00;24.04.2024;24.04.2024
503001;Heures SUP;00.00;24.04.2024;24.04.2024
503001;Pont;00.00;24.04.2024;24.04.2024
503001;Unité Piquet;00.00;24.04.2024;24.04.2024
503001;Vacances;0.00;24.04.2024;24.04.2024
504002;Heures BAL;155.75;24.04.2024;24.04.2024
504002;Heures SUP;-55.05;24.04.2024;24.04.2024
504002;Pont;14.60;24.04.2024;24.04.2024
504002;Unité Piquet;00.00;24.04.2024;24.04.2024
504002;Vacances;26.00;24.04.2024;24.04.2024
505008;Heures BAL;83.45;24.04.2024;24.04.2024
505008;Heures SUP;10.53;24.04.2024;24.04.2024
505008;Pont;14.40;24.04.2024;24.04.2024
505008;Unité Piquet;17.00;24.04.2024;24.04.2024
505008;Vacances;29.50;24.04.2024;24.04.2024
509002;Heures BAL;46.07;24.04.2024;24.04.2024
509002;Heures SUP;15.75;24.04.2024;24.04.2024
509002;Pont;14.20;24.04.2024;24.04.2024
509002;Unité Piquet;35.00;24.04.2024;24.04.2024
509002;Vacances;23.00;24.04.2024;24.04.2024
510001;Heures BAL;00.00;24.04.2024;24.04.2024
510001;Heures SUP;00.00;24.04.2024;24.04.2024
510001;Pont;00.00;24.04.2024;24.04.2024
510001;Unité Piquet;00.00;24.04.2024;24.04.2024
510001;Vacances;32.00;24.04.2024;24.04.2024
510002;Heures BAL;75.05;24.04.2024;24.04.2024
510002;Heures SUP;34.67;24.04.2024;24.04.2024
510002;Pont;14.80;24.04.2024;24.04.2024
510002;Unité Piquet;24.00;24.04.2024;24.04.2024
510002;Vacances;36.00;24.04.2024;24.04.2024
510010;Heures BAL;52.67;24.04.2024;24.04.2024
510010;Heures SUP;00.00;24.04.2024;24.04.2024
510010;Pont;09.75;24.04.2024;24.04.2024
510010;Unité Piquet;00.00;24.04.2024;24.04.2024
510010;Vacances;22.50;24.04.2024;24.04.2024
510011;Heures BAL;01.10;24.04.2024;24.04.2024
510011;Heures SUP;00.00;24.04.2024;24.04.2024
510011;Pont;07.20;24.04.2024;24.04.2024
510011;Unité Piquet;00.00;24.04.2024;24.04.2024
510011;Vacances;21.00;24.04.2024;24.04.2024
515002;Heures BAL;45.55;24.04.2024;24.04.2024
515002;Heures SUP;00.13;24.04.2024;24.04.2024
515002;Pont;15.00;24.04.2024;24.04.2024
515002;Unité Piquet;36.00;24.04.2024;24.04.2024
515002;Vacances;30.50;24.04.2024;24.04.2024
515003;Heures BAL;26.00;24.04.2024;24.04.2024
515003;Heures SUP;05.22;24.04.2024;24.04.2024
515003;Pont;15.00;24.04.2024;24.04.2024
515003;Unité Piquet;18.00;24.04.2024;24.04.2024
515003;Vacances;30.50;24.04.2024;24.04.2024
516001;Heures BAL;53.40;24.04.2024;24.04.2024
516001;Heures SUP;33.05;24.04.2024;24.04.2024
516001;Pont;14.40;24.04.2024;24.04.2024
516001;Unité Piquet;00.00;24.04.2024;24.04.2024
516001;Vacances;40.00;24.04.2024;24.04.2024
529001;Heures BAL;90.77;24.04.2024;24.04.2024
529001;Heures SUP;21.72;24.04.2024;24.04.2024
529001;Pont;15.60;24.04.2024;24.04.2024
529001;Unité Piquet;00.00;24.04.2024;24.04.2024
529001;Vacances;30.00;24.04.2024;24.04.2024
529002;Heures BAL;02.37;24.04.2024;24.04.2024
529002;Heures SUP;00.00;24.04.2024;24.04.2024
529002;Pont;14.40;24.04.2024;24.04.2024
529002;Unité Piquet;00.00;24.04.2024;24.04.2024
529002;Vacances;23.00;24.04.2024;24.04.2024
532002;Heures BAL;44.92;24.04.2024;24.04.2024
532002;Heures SUP;05.57;24.04.2024;24.04.2024
532002;Pont;14.60;24.04.2024;24.04.2024
532002;Unité Piquet;00.00;24.04.2024;24.04.2024
532002;Vacances;20.00;24.04.2024;24.04.2024
534001;Heures BAL;17.38;24.04.2024;24.04.2024
534001;Heures SUP;04.62;24.04.2024;24.04.2024
534001;Pont;11.83;24.04.2024;24.04.2024
534001;Unité Piquet;00.00;24.04.2024;24.04.2024
534001;Vacances;25.00;24.04.2024;24.04.2024
535001;Heures BAL;00.00;24.04.2024;24.04.2024
535001;Heures SUP;00.00;24.04.2024;24.04.2024
535001;Pont;00.00;24.04.2024;24.04.2024
535001;Unité Piquet;13.00;24.04.2024;24.04.2024
535001;Vacances;65.00;24.04.2024;24.04.2024
538001;Heures BAL;80.65;24.04.2024;24.04.2024
538001;Heures SUP;51.98;24.04.2024;24.04.2024
538001;Pont;14.00;24.04.2024;24.04.2024
538001;Unité Piquet;10.00;24.04.2024;24.04.2024
538001;Vacances;32.00;24.04.2024;24.04.2024
539002;Heures BAL;76.47;24.04.2024;24.04.2024
539002;Heures SUP;-05.85;24.04.2024;24.04.2024
539002;Pont;12.60;24.04.2024;24.04.2024
539002;Unité Piquet;00.00;24.04.2024;24.04.2024
539002;Vacances;13.00;24.04.2024;24.04.2024
553006;Heures BAL;96.80;24.04.2024;24.04.2024
553006;Heures SUP;22.00;24.04.2024;24.04.2024
553006;Pont;14.00;24.04.2024;24.04.2024
553006;Unité Piquet;00.00;24.04.2024;24.04.2024
553006;Vacances;19.00;24.04.2024;24.04.2024
555002;Heures BAL;106.82;24.04.2024;24.04.2024
555002;Heures SUP;00.00;24.04.2024;24.04.2024
555002;Pont;12.33;24.04.2024;24.04.2024
555002;Unité Piquet;00.00;24.04.2024;24.04.2024
555002;Vacances;31.50;24.04.2024;24.04.2024
555003;Heures BAL;40.25;24.04.2024;24.04.2024
555003;Heures SUP;40.50;24.04.2024;24.04.2024
555003;Pont;14.00;24.04.2024;24.04.2024
555003;Unité Piquet;00.00;24.04.2024;24.04.2024
555003;Vacances;21.00;24.04.2024;24.04.2024
562001;Heures BAL;22.80;24.04.2024;24.04.2024
562001;Heures SUP;00.62;24.04.2024;24.04.2024
562001;Pont;14.80;24.04.2024;24.04.2024
562001;Unité Piquet;00.00;24.04.2024;24.04.2024
562001;Vacances;21.00;24.04.2024;24.04.2024
562002;Heures BAL;152.85;24.04.2024;24.04.2024
562002;Heures SUP;69.25;24.04.2024;24.04.2024
562002;Pont;15.00;24.04.2024;24.04.2024
562002;Unité Piquet;00.00;24.04.2024;24.04.2024
562002;Vacances;27.00;24.04.2024;24.04.2024
576003;Heures BAL;17.83;24.04.2024;24.04.2024
576003;Heures SUP;00.00;24.04.2024;24.04.2024
576003;Pont;13.40;24.04.2024;24.04.2024
576003;Unité Piquet;00.00;24.04.2024;24.04.2024
576003;Vacances;15.00;24.04.2024;24.04.2024
584002;Heures BAL;05.43;24.04.2024;24.04.2024
584002;Heures SUP;00.00;24.04.2024;24.04.2024
584002;Pont;15.00;24.04.2024;24.04.2024
584002;Unité Piquet;00.00;24.04.2024;24.04.2024
584002;Vacances;32.50;24.04.2024;24.04.2024
587001;Heures BAL;00.00;24.04.2024;24.04.2024
587001;Heures SUP;00.00;24.04.2024;24.04.2024
587001;Pont;00.00;24.04.2024;24.04.2024
587001;Unité Piquet;00.00;24.04.2024;24.04.2024
587001;Vacances;34.00;24.04.2024;24.04.2024
595003;Heures BAL;18.90;24.04.2024;24.04.2024
595003;Heures SUP;15.92;24.04.2024;24.04.2024
595003;Pont;15.60;24.04.2024;24.04.2024
595003;Unité Piquet;00.00;24.04.2024;24.04.2024
595003;Vacances;31.50;24.04.2024;24.04.2024
611002;Heures BAL;25.82;24.04.2024;24.04.2024
611002;Heures SUP;32.23;24.04.2024;24.04.2024
611002;Pont;12.60;24.04.2024;24.04.2024
611002;Unité Piquet;00.00;24.04.2024;24.04.2024
611002;Vacances;15.50;24.04.2024;24.04.2024
612001;Heures BAL;-05.32;24.04.2024;24.04.2024
612001;Heures SUP;00.00;24.04.2024;24.04.2024
612001;Pont;14.80;24.04.2024;24.04.2024
612001;Unité Piquet;00.00;24.04.2024;24.04.2024
612001;Vacances;30.50;24.04.2024;24.04.2024
612005;Heures BAL;05.42;24.04.2024;24.04.2024
612005;Heures SUP;00.00;24.04.2024;24.04.2024
612005;Pont;15.40;24.04.2024;24.04.2024
612005;Unité Piquet;00.00;24.04.2024;24.04.2024
612005;Vacances;17.00;24.04.2024;24.04.2024
613001;Heures BAL;18.27;24.04.2024;24.04.2024
613001;Heures SUP;00.15;24.04.2024;24.04.2024
613001;Pont;15.20;24.04.2024;24.04.2024
613001;Unité Piquet;00.00;24.04.2024;24.04.2024
613001;Vacances;23.00;24.04.2024;24.04.2024
613002;Heures BAL;62.53;24.04.2024;24.04.2024
613002;Heures SUP;10.37;24.04.2024;24.04.2024
613002;Pont;15.40;24.04.2024;24.04.2024
613002;Unité Piquet;00.00;24.04.2024;24.04.2024
613002;Vacances;27.00;24.04.2024;24.04.2024
615001;Heures BAL;13.95;24.04.2024;24.04.2024
615001;Heures SUP;-03.10;24.04.2024;24.04.2024
615001;Pont;13.20;24.04.2024;24.04.2024
615001;Unité Piquet;00.00;24.04.2024;24.04.2024
615001;Vacances;26.00;24.04.2024;24.04.2024
615002;Heures BAL;106.97;24.04.2024;24.04.2024
615002;Heures SUP;07.17;24.04.2024;24.04.2024
615002;Pont;14.40;24.04.2024;24.04.2024
615002;Unité Piquet;21.00;24.04.2024;24.04.2024
615002;Vacances;18.00;24.04.2024;24.04.2024
622001;Heures BAL;17.72;24.04.2024;24.04.2024
622001;Heures SUP;00.00;24.04.2024;24.04.2024
622001;Pont;07.50;24.04.2024;24.04.2024
622001;Unité Piquet;00.00;24.04.2024;24.04.2024
622001;Vacances;28.00;24.04.2024;24.04.2024
624001;Heures BAL;155.58;24.04.2024;24.04.2024
624001;Heures SUP;00.00;24.04.2024;24.04.2024
624001;Pont;15.40;24.04.2024;24.04.2024
624001;Unité Piquet;00.00;24.04.2024;24.04.2024
624001;Vacances;46.50;24.04.2024;24.04.2024
625002;Heures BAL;47.55;24.04.2024;24.04.2024
625002;Heures SUP;16.28;24.04.2024;24.04.2024
625002;Pont;14.20;24.04.2024;24.04.2024
625002;Unité Piquet;07.00;24.04.2024;24.04.2024
625002;Vacances;28.00;24.04.2024;24.04.2024
627001;Heures BAL;24.70;24.04.2024;24.04.2024
627001;Heures SUP;09.42;24.04.2024;24.04.2024
627001;Pont;14.60;24.04.2024;24.04.2024
627001;Unité Piquet;17.00;24.04.2024;24.04.2024
627001;Vacances;25.00;24.04.2024;24.04.2024
628002;Heures BAL;20.55;24.04.2024;24.04.2024
628002;Heures SUP;03.20;24.04.2024;24.04.2024
628002;Pont;15.00;24.04.2024;24.04.2024
628002;Unité Piquet;00.00;24.04.2024;24.04.2024
628002;Vacances;18.00;24.04.2024;24.04.2024
628005;Heures BAL;27.82;24.04.2024;24.04.2024
628005;Heures SUP;00.00;24.04.2024;24.04.2024
628005;Pont;14.60;24.04.2024;24.04.2024
628005;Unité Piquet;00.00;24.04.2024;24.04.2024
628005;Vacances;30.50;24.04.2024;24.04.2024
630005;Heures BAL;14.83;24.04.2024;24.04.2024
630005;Heures SUP;00.00;24.04.2024;24.04.2024
630005;Pont;06.80;24.04.2024;24.04.2024
630005;Unité Piquet;00.00;24.04.2024;24.04.2024
630005;Vacances;16.00;24.04.2024;24.04.2024
631001;Heures BAL;49.32;24.04.2024;24.04.2024
631001;Heures SUP;50.00;24.04.2024;24.04.2024
631001;Pont;14.00;24.04.2024;24.04.2024
631001;Unité Piquet;18.00;24.04.2024;24.04.2024
631001;Vacances;27.00;24.04.2024;24.04.2024
631002;Heures BAL;00.00;24.04.2024;24.04.2024
631002;Heures SUP;01.75;24.04.2024;24.04.2024
631002;Pont;00.00;24.04.2024;24.04.2024
631002;Unité Piquet;00.00;24.04.2024;24.04.2024
631002;Vacances;52.50;24.04.2024;24.04.2024
631003;Heures BAL;66.60;24.04.2024;24.04.2024
631003;Heures SUP;46.50;24.04.2024;24.04.2024
631003;Pont;15.00;24.04.2024;24.04.2024
631003;Unité Piquet;17.00;24.04.2024;24.04.2024
631003;Vacances;36.50;24.04.2024;24.04.2024
631006;Heures BAL;131.12;24.04.2024;24.04.2024
631006;Heures SUP;03.82;24.04.2024;24.04.2024
631006;Pont;15.60;24.04.2024;24.04.2024
631006;Unité Piquet;03.00;24.04.2024;24.04.2024
631006;Vacances;35.00;24.04.2024;24.04.2024
631007;Heures BAL;95.58;24.04.2024;24.04.2024
631007;Heures SUP;00.92;24.04.2024;24.04.2024
631007;Pont;10.40;24.04.2024;24.04.2024
631007;Unité Piquet;00.00;24.04.2024;24.04.2024
631007;Vacances;30.50;24.04.2024;24.04.2024
631011;Heures BAL;00.00;24.04.2024;24.04.2024
631011;Heures SUP;00.00;24.04.2024;24.04.2024
631011;Pont;00.00;24.04.2024;24.04.2024
631011;Unité Piquet;00.00;24.04.2024;24.04.2024
631011;Vacances;0.00;24.04.2024;24.04.2024
631014;Heures BAL;00.00;24.04.2024;24.04.2024
631014;Heures SUP;00.00;24.04.2024;24.04.2024
631014;Pont;00.00;24.04.2024;24.04.2024
631014;Unité Piquet;00.00;24.04.2024;24.04.2024
631014;Vacances;43.00;24.04.2024;24.04.2024
633001;Heures BAL;60.85;24.04.2024;24.04.2024
633001;Heures SUP;00.62;24.04.2024;24.04.2024
633001;Pont;11.83;24.04.2024;24.04.2024
633001;Unité Piquet;00.00;24.04.2024;24.04.2024
633001;Vacances;35.00;24.04.2024;24.04.2024
633002;Heures BAL;40.48;24.04.2024;24.04.2024
633002;Heures SUP;14.83;24.04.2024;24.04.2024
633002;Pont;15.60;24.04.2024;24.04.2024
633002;Unité Piquet;68.00;24.04.2024;24.04.2024
633002;Vacances;26.00;24.04.2024;24.04.2024
633003;Heures BAL;05.52;24.04.2024;24.04.2024
633003;Heures SUP;09.35;24.04.2024;24.04.2024
633003;Pont;10.13;24.04.2024;24.04.2024
633003;Unité Piquet;00.00;24.04.2024;24.04.2024
633003;Vacances;23.00;24.04.2024;24.04.2024
635001;Heures BAL;04.82;24.04.2024;24.04.2024
635001;Heures SUP;00.00;24.04.2024;24.04.2024
635001;Pont;07.00;24.04.2024;24.04.2024
635001;Unité Piquet;00.00;24.04.2024;24.04.2024
635001;Vacances;20.00;24.04.2024;24.04.2024
637001;Heures BAL;04.85;24.04.2024;24.04.2024
637001;Heures SUP;00.00;24.04.2024;24.04.2024
637001;Pont;14.80;24.04.2024;24.04.2024
637001;Unité Piquet;00.00;24.04.2024;24.04.2024
637001;Vacances;33.50;24.04.2024;24.04.2024
637006;Heures BAL;00.00;24.04.2024;24.04.2024
637006;Heures SUP;00.00;24.04.2024;24.04.2024
637006;Pont;00.00;24.04.2024;24.04.2024
637006;Unité Piquet;00.00;24.04.2024;24.04.2024
637006;Vacances;35.50;24.04.2024;24.04.2024
637007;Heures BAL;15.67;24.04.2024;24.04.2024
637007;Heures SUP;06.12;24.04.2024;24.04.2024
637007;Pont;02.83;24.04.2024;24.04.2024
637007;Unité Piquet;07.00;24.04.2024;24.04.2024
637007;Vacances;21.00;24.04.2024;24.04.2024
638001;Heures BAL;44.12;24.04.2024;24.04.2024
638001;Heures SUP;24.85;24.04.2024;24.04.2024
638001;Pont;14.80;24.04.2024;24.04.2024
638001;Unité Piquet;07.00;24.04.2024;24.04.2024
638001;Vacances;34.00;24.04.2024;24.04.2024
639003;Heures BAL;08.13;24.04.2024;24.04.2024
639003;Heures SUP;-02.50;24.04.2024;24.04.2024
639003;Pont;15.20;24.04.2024;24.04.2024
639003;Unité Piquet;00.00;24.04.2024;24.04.2024
639003;Vacances;30.50;24.04.2024;24.04.2024
641001;Heures BAL;00.52;24.04.2024;24.04.2024
641001;Heures SUP;00.00;24.04.2024;24.04.2024
641001;Pont;14.80;24.04.2024;24.04.2024
641001;Unité Piquet;00.00;24.04.2024;24.04.2024
641001;Vacances;29.50;24.04.2024;24.04.2024
643001;Heures BAL;51.00;24.04.2024;24.04.2024
643001;Heures SUP;02.38;24.04.2024;24.04.2024
643001;Pont;15.00;24.04.2024;24.04.2024
643001;Unité Piquet;00.00;24.04.2024;24.04.2024
643001;Vacances;27.00;24.04.2024;24.04.2024
643002;Heures BAL;69.07;24.04.2024;24.04.2024
643002;Heures SUP;31.58;24.04.2024;24.04.2024
643002;Pont;15.00;24.04.2024;24.04.2024
643002;Unité Piquet;00.00;24.04.2024;24.04.2024
643002;Vacances;25.00;24.04.2024;24.04.2024
646001;Heures BAL;00.00;24.04.2024;24.04.2024
646001;Heures SUP;01.72;24.04.2024;24.04.2024
646001;Pont;00.00;24.04.2024;24.04.2024
646001;Unité Piquet;00.00;24.04.2024;24.04.2024
646001;Vacances;0.00;24.04.2024;24.04.2024
651001;Heures BAL;06.73;24.04.2024;24.04.2024
651001;Heures SUP;08.65;24.04.2024;24.04.2024
651001;Pont;14.00;24.04.2024;24.04.2024
651001;Unité Piquet;00.00;24.04.2024;24.04.2024
651001;Vacances;22.00;24.04.2024;24.04.2024
651002;Heures BAL;-20.93;24.04.2024;24.04.2024
651002;Heures SUP;00.00;24.04.2024;24.04.2024
651002;Pont;12.20;24.04.2024;24.04.2024
651002;Unité Piquet;00.00;24.04.2024;24.04.2024
651002;Vacances;8.00;24.04.2024;24.04.2024
651003;Heures BAL;00.00;24.04.2024;24.04.2024
651003;Heures SUP;00.00;24.04.2024;24.04.2024
651003;Pont;00.00;24.04.2024;24.04.2024
651003;Unité Piquet;00.00;24.04.2024;24.04.2024
651003;Vacances;35.50;24.04.2024;24.04.2024
655001;Heures BAL;39.37;24.04.2024;24.04.2024
655001;Heures SUP;03.28;24.04.2024;24.04.2024
655001;Pont;14.80;24.04.2024;24.04.2024
655001;Unité Piquet;00.00;24.04.2024;24.04.2024
655001;Vacances;23.50;24.04.2024;24.04.2024
657001;Heures BAL;01.00;24.04.2024;24.04.2024
657001;Heures SUP;01.75;24.04.2024;24.04.2024
657001;Pont;13.60;24.04.2024;24.04.2024
657001;Unité Piquet;00.00;24.04.2024;24.04.2024
657001;Vacances;24.50;24.04.2024;24.04.2024
658002;Heures BAL;30.93;24.04.2024;24.04.2024
658002;Heures SUP;32.30;24.04.2024;24.04.2024
658002;Pont;14.00;24.04.2024;24.04.2024
658002;Unité Piquet;00.00;24.04.2024;24.04.2024
658002;Vacances;35.00;24.04.2024;24.04.2024
658006;Heures BAL;17.08;24.04.2024;24.04.2024
658006;Heures SUP;01.35;24.04.2024;24.04.2024
658006;Pont;14.60;24.04.2024;24.04.2024
658006;Unité Piquet;00.00;24.04.2024;24.04.2024
658006;Vacances;25.00;24.04.2024;24.04.2024
661002;Heures BAL;06.90;24.04.2024;24.04.2024
661002;Heures SUP;42.00;24.04.2024;24.04.2024
661002;Pont;14.60;24.04.2024;24.04.2024
661002;Unité Piquet;03.00;24.04.2024;24.04.2024
661002;Vacances;19.00;24.04.2024;24.04.2024
663001;Heures BAL;-06.00;24.04.2024;24.04.2024
663001;Heures SUP;00.00;24.04.2024;24.04.2024
663001;Pont;14.80;24.04.2024;24.04.2024
663001;Unité Piquet;00.00;24.04.2024;24.04.2024
663001;Vacances;23.50;24.04.2024;24.04.2024
664001;Heures BAL;45.52;24.04.2024;24.04.2024
664001;Heures SUP;00.00;24.04.2024;24.04.2024
664001;Pont;06.70;24.04.2024;24.04.2024
664001;Unité Piquet;00.00;24.04.2024;24.04.2024
664001;Vacances;25.00;24.04.2024;24.04.2024
665001;Heures BAL;35.35;24.04.2024;24.04.2024
665001;Heures SUP;06.95;24.04.2024;24.04.2024
665001;Pont;15.00;24.04.2024;24.04.2024
665001;Unité Piquet;00.00;24.04.2024;24.04.2024
665001;Vacances;40.00;24.04.2024;24.04.2024
666001;Heures BAL;23.30;24.04.2024;24.04.2024
666001;Heures SUP;-01.53;24.04.2024;24.04.2024
666001;Pont;15.60;24.04.2024;24.04.2024
666001;Unité Piquet;60.00;24.04.2024;24.04.2024
666001;Vacances;36.00;24.04.2024;24.04.2024
667003;Heures BAL;60.37;24.04.2024;24.04.2024
667003;Heures SUP;10.52;24.04.2024;24.04.2024
667003;Pont;13.60;24.04.2024;24.04.2024
667003;Unité Piquet;00.00;24.04.2024;24.04.2024
667003;Vacances;20.00;24.04.2024;24.04.2024
669001;Heures BAL;03.88;24.04.2024;24.04.2024
669001;Heures SUP;15.75;24.04.2024;24.04.2024
669001;Pont;14.20;24.04.2024;24.04.2024
669001;Unité Piquet;00.00;24.04.2024;24.04.2024
669001;Vacances;20.50;24.04.2024;24.04.2024
674001;Heures BAL;41.05;24.04.2024;24.04.2024
674001;Heures SUP;00.00;24.04.2024;24.04.2024
674001;Pont;14.80;24.04.2024;24.04.2024
674001;Unité Piquet;00.00;24.04.2024;24.04.2024
674001;Vacances;26.00;24.04.2024;24.04.2024
676001;Heures BAL;00.00;24.04.2024;24.04.2024
676001;Heures SUP;00.70;24.04.2024;24.04.2024
676001;Pont;00.00;24.04.2024;24.04.2024
676001;Unité Piquet;00.00;24.04.2024;24.04.2024
676001;Vacances;0.00;24.04.2024;24.04.2024
680002;Heures BAL;-01.40;24.04.2024;24.04.2024
680002;Heures SUP;00.00;24.04.2024;24.04.2024
680002;Pont;15.00;24.04.2024;24.04.2024
680002;Unité Piquet;00.00;24.04.2024;24.04.2024
680002;Vacances;18.00;24.04.2024;24.04.2024
686001;Heures BAL;54.15;24.04.2024;24.04.2024
686001;Heures SUP;04.50;24.04.2024;24.04.2024
686001;Pont;14.60;24.04.2024;24.04.2024
686001;Unité Piquet;18.00;24.04.2024;24.04.2024
686001;Vacances;22.50;24.04.2024;24.04.2024
686002;Heures BAL;48.33;24.04.2024;24.04.2024
686002;Heures SUP;00.00;24.04.2024;24.04.2024
686002;Pont;06.25;24.04.2024;24.04.2024
686002;Unité Piquet;00.00;24.04.2024;24.04.2024
686002;Vacances;22.00;24.04.2024;24.04.2024
686003;Heures BAL;-00.37;24.04.2024;24.04.2024
686003;Heures SUP;05.87;24.04.2024;24.04.2024
686003;Pont;11.40;24.04.2024;24.04.2024
686003;Unité Piquet;00.00;24.04.2024;24.04.2024
686003;Vacances;23.00;24.04.2024;24.04.2024
690002;Heures BAL;124.97;24.04.2024;24.04.2024
690002;Heures SUP;33.72;24.04.2024;24.04.2024
690002;Pont;13.20;24.04.2024;24.04.2024
690002;Unité Piquet;00.00;24.04.2024;24.04.2024
690002;Vacances;21.00;24.04.2024;24.04.2024
695003;Heures BAL;43.72;24.04.2024;24.04.2024
695003;Heures SUP;03.42;24.04.2024;24.04.2024
695003;Pont;14.40;24.04.2024;24.04.2024
695003;Unité Piquet;00.00;24.04.2024;24.04.2024
695003;Vacances;30.00;24.04.2024;24.04.2024
695004;Heures BAL;-03.25;24.04.2024;24.04.2024
695004;Heures SUP;09.50;24.04.2024;24.04.2024
695004;Pont;13.40;24.04.2024;24.04.2024
695004;Unité Piquet;00.00;24.04.2024;24.04.2024
695004;Vacances;21.00;24.04.2024;24.04.2024
695005;Heures BAL;24.60;24.04.2024;24.04.2024
695005;Heures SUP;04.07;24.04.2024;24.04.2024
695005;Pont;14.40;24.04.2024;24.04.2024
695005;Unité Piquet;00.00;24.04.2024;24.04.2024
695005;Vacances;23.50;24.04.2024;24.04.2024
695006;Heures BAL;00.00;24.04.2024;24.04.2024
695006;Heures SUP;00.00;24.04.2024;24.04.2024
695006;Pont;00.00;24.04.2024;24.04.2024
695006;Unité Piquet;00.00;24.04.2024;24.04.2024
695006;Vacances;29.50;24.04.2024;24.04.2024
696001;Heures BAL;47.28;24.04.2024;24.04.2024
696001;Heures SUP;00.00;24.04.2024;24.04.2024
696001;Pont;09.47;24.04.2024;24.04.2024
696001;Unité Piquet;00.00;24.04.2024;24.04.2024
696001;Vacances;20.00;24.04.2024;24.04.2024
700003;Heures BAL;08.17;24.04.2024;24.04.2024
700003;Heures SUP;00.20;24.04.2024;24.04.2024
700003;Pont;03.40;24.04.2024;24.04.2024
700003;Unité Piquet;00.00;24.04.2024;24.04.2024
700003;Vacances;19.00;24.04.2024;24.04.2024
701002;Heures BAL;123.65;24.04.2024;24.04.2024
701002;Heures SUP;44.62;24.04.2024;24.04.2024
701002;Pont;13.60;24.04.2024;24.04.2024
701002;Unité Piquet;00.00;24.04.2024;24.04.2024
701002;Vacances;41.50;24.04.2024;24.04.2024
701003;Heures BAL;52.63;24.04.2024;24.04.2024
701003;Heures SUP;36.70;24.04.2024;24.04.2024
701003;Pont;14.40;24.04.2024;24.04.2024
701003;Unité Piquet;49.00;24.04.2024;24.04.2024
701003;Vacances;24.00;24.04.2024;24.04.2024
701007;Heures BAL;33.78;24.04.2024;24.04.2024
701007;Heures SUP;00.00;24.04.2024;24.04.2024
701007;Pont;13.60;24.04.2024;24.04.2024
701007;Unité Piquet;00.00;24.04.2024;24.04.2024
701007;Vacances;25.00;24.04.2024;24.04.2024
702001;Heures BAL;111.58;24.04.2024;24.04.2024
702001;Heures SUP;50.00;24.04.2024;24.04.2024
702001;Pont;14.80;24.04.2024;24.04.2024
702001;Unité Piquet;00.00;24.04.2024;24.04.2024
702001;Vacances;31.00;24.04.2024;24.04.2024
703002;Heures BAL;03.80;24.04.2024;24.04.2024
703002;Heures SUP;00.00;24.04.2024;24.04.2024
703002;Pont;14.40;24.04.2024;24.04.2024
703002;Unité Piquet;00.00;24.04.2024;24.04.2024
703002;Vacances;16.50;24.04.2024;24.04.2024
704003;Heures BAL;21.58;24.04.2024;24.04.2024
704003;Heures SUP;00.00;24.04.2024;24.04.2024
704003;Pont;12.00;24.04.2024;24.04.2024
704003;Unité Piquet;00.00;24.04.2024;24.04.2024
704003;Vacances;25.00;24.04.2024;24.04.2024
704004;Heures BAL;49.50;24.04.2024;24.04.2024
704004;Heures SUP;00.00;24.04.2024;24.04.2024
704004;Pont;15.40;24.04.2024;24.04.2024
704004;Unité Piquet;00.00;24.04.2024;24.04.2024
704004;Vacances;26.50;24.04.2024;24.04.2024
705002;Heures BAL;04.82;24.04.2024;24.04.2024
705002;Heures SUP;00.00;24.04.2024;24.04.2024
705002;Pont;03.60;24.04.2024;24.04.2024
705002;Unité Piquet;00.00;24.04.2024;24.04.2024
705002;Vacances;25.00;24.04.2024;24.04.2024
706004;Heures BAL;55.52;24.04.2024;24.04.2024
706004;Heures SUP;05.63;24.04.2024;24.04.2024
706004;Pont;13.57;24.04.2024;24.04.2024
706004;Unité Piquet;00.00;24.04.2024;24.04.2024
706004;Vacances;37.00;24.04.2024;24.04.2024
707005;Heures BAL;87.73;24.04.2024;24.04.2024
707005;Heures SUP;16.95;24.04.2024;24.04.2024
707005;Pont;14.20;24.04.2024;24.04.2024
707005;Unité Piquet;00.00;24.04.2024;24.04.2024
707005;Vacances;22.00;24.04.2024;24.04.2024
707010;Heures BAL;46.92;24.04.2024;24.04.2024
707010;Heures SUP;37.08;24.04.2024;24.04.2024
707010;Pont;15.00;24.04.2024;24.04.2024
707010;Unité Piquet;00.00;24.04.2024;24.04.2024
707010;Vacances;30.00;24.04.2024;24.04.2024
707011;Heures BAL;23.38;24.04.2024;24.04.2024
707011;Heures SUP;00.15;24.04.2024;24.04.2024
707011;Pont;10.50;24.04.2024;24.04.2024
707011;Unité Piquet;00.00;24.04.2024;24.04.2024
707011;Vacances;26.00;24.04.2024;24.04.2024
707012;Heures BAL;109.70;24.04.2024;24.04.2024
707012;Heures SUP;17.07;24.04.2024;24.04.2024
707012;Pont;14.80;24.04.2024;24.04.2024
707012;Unité Piquet;00.00;24.04.2024;24.04.2024
707012;Vacances;21.50;24.04.2024;24.04.2024
707013;Heures BAL;-41.90;24.04.2024;24.04.2024
707013;Heures SUP;51.38;24.04.2024;24.04.2024
707013;Pont;12.00;24.04.2024;24.04.2024
707013;Unité Piquet;00.00;24.04.2024;24.04.2024
707013;Vacances;19.00;24.04.2024;24.04.2024
708003;Heures BAL;40.77;24.04.2024;24.04.2024
708003;Heures SUP;45.50;24.04.2024;24.04.2024
708003;Pont;15.00;24.04.2024;24.04.2024
708003;Unité Piquet;00.00;24.04.2024;24.04.2024
708003;Vacances;29.00;24.04.2024;24.04.2024
708005;Heures BAL;10.48;24.04.2024;24.04.2024
708005;Heures SUP;-01.83;24.04.2024;24.04.2024
708005;Pont;15.20;24.04.2024;24.04.2024
708005;Unité Piquet;00.00;24.04.2024;24.04.2024
708005;Vacances;21.00;24.04.2024;24.04.2024
711003;Heures BAL;65.52;24.04.2024;24.04.2024
711003;Heures SUP;23.27;24.04.2024;24.04.2024
711003;Pont;15.60;24.04.2024;24.04.2024
711003;Unité Piquet;07.00;24.04.2024;24.04.2024
711003;Vacances;25.00;24.04.2024;24.04.2024
715004;Heures BAL;00.00;24.04.2024;24.04.2024
715004;Heures SUP;00.00;24.04.2024;24.04.2024
715004;Pont;00.00;24.04.2024;24.04.2024
715004;Unité Piquet;00.00;24.04.2024;24.04.2024
715004;Vacances;29.00;24.04.2024;24.04.2024
716001;Heures BAL;86.57;24.04.2024;24.04.2024
716001;Heures SUP;15.93;24.04.2024;24.04.2024
716001;Pont;14.80;24.04.2024;24.04.2024
716001;Unité Piquet;36.00;24.04.2024;24.04.2024
716001;Vacances;26.00;24.04.2024;24.04.2024
716004;Heures BAL;18.38;24.04.2024;24.04.2024
716004;Heures SUP;29.38;24.04.2024;24.04.2024
716004;Pont;13.80;24.04.2024;24.04.2024
716004;Unité Piquet;00.00;24.04.2024;24.04.2024
716004;Vacances;30.00;24.04.2024;24.04.2024
717005;Heures BAL;00.00;24.04.2024;24.04.2024
717005;Heures SUP;12.50;24.04.2024;24.04.2024
717005;Pont;00.00;24.04.2024;24.04.2024
717005;Unité Piquet;00.00;24.04.2024;24.04.2024
717005;Vacances;17.00;24.04.2024;24.04.2024
717006;Heures BAL;81.05;24.04.2024;24.04.2024
717006;Heures SUP;41.80;24.04.2024;24.04.2024
717006;Pont;14.20;24.04.2024;24.04.2024
717006;Unité Piquet;00.00;24.04.2024;24.04.2024
717006;Vacances;25.00;24.04.2024;24.04.2024
717007;Heures BAL;51.72;24.04.2024;24.04.2024
717007;Heures SUP;03.22;24.04.2024;24.04.2024
717007;Pont;12.80;24.04.2024;24.04.2024
717007;Unité Piquet;00.00;24.04.2024;24.04.2024
717007;Vacances;15.50;24.04.2024;24.04.2024
717008;Heures BAL;12.88;24.04.2024;24.04.2024
717008;Heures SUP;37.17;24.04.2024;24.04.2024
717008;Pont;13.80;24.04.2024;24.04.2024
717008;Unité Piquet;00.00;24.04.2024;24.04.2024
717008;Vacances;11.50;24.04.2024;24.04.2024
717009;Heures BAL;60.37;24.04.2024;24.04.2024
717009;Heures SUP;00.00;24.04.2024;24.04.2024
717009;Pont;14.80;24.04.2024;24.04.2024
717009;Unité Piquet;00.00;24.04.2024;24.04.2024
717009;Vacances;38.00;24.04.2024;24.04.2024
718001;Heures BAL;59.97;24.04.2024;24.04.2024
718001;Heures SUP;03.38;24.04.2024;24.04.2024
718001;Pont;14.60;24.04.2024;24.04.2024
718001;Unité Piquet;00.00;24.04.2024;24.04.2024
718001;Vacances;27.00;24.04.2024;24.04.2024
718002;Heures BAL;65.93;24.04.2024;24.04.2024
718002;Heures SUP;47.48;24.04.2024;24.04.2024
718002;Pont;13.80;24.04.2024;24.04.2024
718002;Unité Piquet;00.00;24.04.2024;24.04.2024
718002;Vacances;26.00;24.04.2024;24.04.2024
718005;Heures BAL;06.92;24.04.2024;24.04.2024
718005;Heures SUP;37.47;24.04.2024;24.04.2024
718005;Pont;14.00;24.04.2024;24.04.2024
718005;Unité Piquet;00.00;24.04.2024;24.04.2024
718005;Vacances;23.00;24.04.2024;24.04.2024
720005;Heures BAL;00.00;24.04.2024;24.04.2024
720005;Heures SUP;00.00;24.04.2024;24.04.2024
720005;Pont;00.00;24.04.2024;24.04.2024
720005;Unité Piquet;00.00;24.04.2024;24.04.2024
720005;Vacances;25.00;24.04.2024;24.04.2024
722002;Heures BAL;14.97;24.04.2024;24.04.2024
722002;Heures SUP;05.17;24.04.2024;24.04.2024
722002;Pont;14.40;24.04.2024;24.04.2024
722002;Unité Piquet;00.00;24.04.2024;24.04.2024
722002;Vacances;26.50;24.04.2024;24.04.2024
722003;Heures BAL;40.33;24.04.2024;24.04.2024
722003;Heures SUP;20.43;24.04.2024;24.04.2024
722003;Pont;15.40;24.04.2024;24.04.2024
722003;Unité Piquet;00.00;24.04.2024;24.04.2024
722003;Vacances;25.50;24.04.2024;24.04.2024
723005;Heures BAL;28.43;24.04.2024;24.04.2024
723005;Heures SUP;03.27;24.04.2024;24.04.2024
723005;Pont;15.00;24.04.2024;24.04.2024
723005;Unité Piquet;00.00;24.04.2024;24.04.2024
723005;Vacances;23.50;24.04.2024;24.04.2024
724003;Heures BAL;27.77;24.04.2024;24.04.2024
724003;Heures SUP;40.32;24.04.2024;24.04.2024
724003;Pont;05.68;24.04.2024;24.04.2024
724003;Unité Piquet;00.00;24.04.2024;24.04.2024
724003;Vacances;23.50;24.04.2024;24.04.2024
724004;Heures BAL;57.78;24.04.2024;24.04.2024
724004;Heures SUP;00.00;24.04.2024;24.04.2024
724004;Pont;13.60;24.04.2024;24.04.2024
724004;Unité Piquet;00.00;24.04.2024;24.04.2024
724004;Vacances;22.00;24.04.2024;24.04.2024
725005;Heures BAL;108.53;24.04.2024;24.04.2024
725005;Heures SUP;53.37;24.04.2024;24.04.2024
725005;Pont;13.60;24.04.2024;24.04.2024
725005;Unité Piquet;36.00;24.04.2024;24.04.2024
725005;Vacances;17.00;24.04.2024;24.04.2024
725008;Heures BAL;00.00;24.04.2024;24.04.2024
725008;Heures SUP;00.00;24.04.2024;24.04.2024
725008;Pont;00.00;24.04.2024;24.04.2024
725008;Unité Piquet;00.00;24.04.2024;24.04.2024
725008;Vacances;0.00;24.04.2024;24.04.2024
726001;Heures BAL;60.25;24.04.2024;24.04.2024
726001;Heures SUP;31.57;24.04.2024;24.04.2024
726001;Pont;13.20;24.04.2024;24.04.2024
726001;Unité Piquet;00.00;24.04.2024;24.04.2024
726001;Vacances;29.00;24.04.2024;24.04.2024
728001;Heures BAL;-03.00;24.04.2024;24.04.2024
728001;Heures SUP;55.67;24.04.2024;24.04.2024
728001;Pont;13.80;24.04.2024;24.04.2024
728001;Unité Piquet;18.00;24.04.2024;24.04.2024
728001;Vacances;27.00;24.04.2024;24.04.2024
729001;Heures BAL;-14.08;24.04.2024;24.04.2024
729001;Heures SUP;03.63;24.04.2024;24.04.2024
729001;Pont;14.80;24.04.2024;24.04.2024
729001;Unité Piquet;00.00;24.04.2024;24.04.2024
729001;Vacances;22.00;24.04.2024;24.04.2024
729002;Heures BAL;58.65;24.04.2024;24.04.2024
729002;Heures SUP;18.55;24.04.2024;24.04.2024
729002;Pont;10.00;24.04.2024;24.04.2024
729002;Unité Piquet;00.00;24.04.2024;24.04.2024
729002;Vacances;13.50;24.04.2024;24.04.2024
729003;Heures BAL;06.52;24.04.2024;24.04.2024
729003;Heures SUP;07.22;24.04.2024;24.04.2024
729003;Pont;12.93;24.04.2024;24.04.2024
729003;Unité Piquet;00.00;24.04.2024;24.04.2024
729003;Vacances;33.50;24.04.2024;24.04.2024
731001;Heures BAL;147.98;24.04.2024;24.04.2024
731001;Heures SUP;45.62;24.04.2024;24.04.2024
731001;Pont;15.60;24.04.2024;24.04.2024
731001;Unité Piquet;07.00;24.04.2024;24.04.2024
731001;Vacances;37.00;24.04.2024;24.04.2024
734001;Heures BAL;33.90;24.04.2024;24.04.2024
734001;Heures SUP;00.00;24.04.2024;24.04.2024
734001;Pont;13.38;24.04.2024;24.04.2024
734001;Unité Piquet;00.00;24.04.2024;24.04.2024
734001;Vacances;23.00;24.04.2024;24.04.2024
738001;Heures BAL;79.42;24.04.2024;24.04.2024
738001;Heures SUP;14.65;24.04.2024;24.04.2024
738001;Pont;14.00;24.04.2024;24.04.2024
738001;Unité Piquet;35.00;24.04.2024;24.04.2024
738001;Vacances;32.00;24.04.2024;24.04.2024
740001;Heures BAL;-08.02;24.04.2024;24.04.2024
740001;Heures SUP;00.00;24.04.2024;24.04.2024
740001;Pont;14.60;24.04.2024;24.04.2024
740001;Unité Piquet;07.00;24.04.2024;24.04.2024
740001;Vacances;24.00;24.04.2024;24.04.2024
741001;Heures BAL;73.37;24.04.2024;24.04.2024
741001;Heures SUP;41.68;24.04.2024;24.04.2024
741001;Pont;14.60;24.04.2024;24.04.2024
741001;Unité Piquet;42.50;24.04.2024;24.04.2024
741001;Vacances;30.50;24.04.2024;24.04.2024
741002;Heures BAL;49.98;24.04.2024;24.04.2024
741002;Heures SUP;42.52;24.04.2024;24.04.2024
741002;Pont;09.15;24.04.2024;24.04.2024
741002;Unité Piquet;00.00;24.04.2024;24.04.2024
741002;Vacances;30.00;24.04.2024;24.04.2024
741003;Heures BAL;27.03;24.04.2024;24.04.2024
741003;Heures SUP;-03.37;24.04.2024;24.04.2024
741003;Pont;14.00;24.04.2024;24.04.2024
741003;Unité Piquet;00.00;24.04.2024;24.04.2024
741003;Vacances;30.00;24.04.2024;24.04.2024
741004;Heures BAL;115.77;24.04.2024;24.04.2024
741004;Heures SUP;50.00;24.04.2024;24.04.2024
741004;Pont;13.57;24.04.2024;24.04.2024
741004;Unité Piquet;00.00;24.04.2024;24.04.2024
741004;Vacances;29.00;24.04.2024;24.04.2024
746001;Heures BAL;27.88;24.04.2024;24.04.2024
746001;Heures SUP;40.33;24.04.2024;24.04.2024
746001;Pont;13.00;24.04.2024;24.04.2024
746001;Unité Piquet;00.00;24.04.2024;24.04.2024
746001;Vacances;28.00;24.04.2024;24.04.2024
747001;Heures BAL;15.18;24.04.2024;24.04.2024
747001;Heures SUP;00.00;24.04.2024;24.04.2024
747001;Pont;13.40;24.04.2024;24.04.2024
747001;Unité Piquet;00.00;24.04.2024;24.04.2024
747001;Vacances;14.00;24.04.2024;24.04.2024
749002;Heures BAL;99.92;24.04.2024;24.04.2024
749002;Heures SUP;38.22;24.04.2024;24.04.2024
749002;Pont;15.00;24.04.2024;24.04.2024
749002;Unité Piquet;00.00;24.04.2024;24.04.2024
749002;Vacances;37.00;24.04.2024;24.04.2024
749003;Heures BAL;00.08;24.04.2024;24.04.2024
749003;Heures SUP;00.05;24.04.2024;24.04.2024
749003;Pont;15.60;24.04.2024;24.04.2024
749003;Unité Piquet;00.00;24.04.2024;24.04.2024
749003;Vacances;25.00;24.04.2024;24.04.2024
749004;Heures BAL;40.42;24.04.2024;24.04.2024
749004;Heures SUP;00.13;24.04.2024;24.04.2024
749004;Pont;13.57;24.04.2024;24.04.2024
749004;Unité Piquet;00.00;24.04.2024;24.04.2024
749004;Vacances;21.00;24.04.2024;24.04.2024
750002;Heures BAL;41.30;24.04.2024;24.04.2024
750002;Heures SUP;-19.38;24.04.2024;24.04.2024
750002;Pont;13.38;24.04.2024;24.04.2024
750002;Unité Piquet;17.00;24.04.2024;24.04.2024
750002;Vacances;35.00;24.04.2024;24.04.2024
750005;Heures BAL;57.95;24.04.2024;24.04.2024
750005;Heures SUP;32.48;24.04.2024;24.04.2024
750005;Pont;13.20;24.04.2024;24.04.2024
750005;Unité Piquet;00.00;24.04.2024;24.04.2024
750005;Vacances;26.00;24.04.2024;24.04.2024
750007;Heures BAL;46.93;24.04.2024;24.04.2024
750007;Heures SUP;48.63;24.04.2024;24.04.2024
750007;Pont;14.20;24.04.2024;24.04.2024
750007;Unité Piquet;00.00;24.04.2024;24.04.2024
750007;Vacances;25.00;24.04.2024;24.04.2024
751001;Heures BAL;-16.00;24.04.2024;24.04.2024
751001;Heures SUP;00.00;24.04.2024;24.04.2024
751001;Pont;00.00;24.04.2024;24.04.2024
751001;Unité Piquet;00.00;24.04.2024;24.04.2024
751001;Vacances;34.50;24.04.2024;24.04.2024
752004;Heures BAL;12.52;24.04.2024;24.04.2024
752004;Heures SUP;00.00;24.04.2024;24.04.2024
752004;Pont;09.80;24.04.2024;24.04.2024
752004;Unité Piquet;00.00;24.04.2024;24.04.2024
752004;Vacances;9.00;24.04.2024;24.04.2024
752005;Heures BAL;00.10;24.04.2024;24.04.2024
752005;Heures SUP;00.00;24.04.2024;24.04.2024
752005;Pont;02.27;24.04.2024;24.04.2024
752005;Unité Piquet;00.00;24.04.2024;24.04.2024
752005;Vacances;19.00;24.04.2024;24.04.2024
756001;Heures BAL;17.12;24.04.2024;24.04.2024
756001;Heures SUP;00.00;24.04.2024;24.04.2024
756001;Pont;13.80;24.04.2024;24.04.2024
756001;Unité Piquet;00.00;24.04.2024;24.04.2024
756001;Vacances;20.00;24.04.2024;24.04.2024
759002;Heures BAL;60.60;24.04.2024;24.04.2024
759002;Heures SUP;44.60;24.04.2024;24.04.2024
759002;Pont;12.20;24.04.2024;24.04.2024
759002;Unité Piquet;00.00;24.04.2024;24.04.2024
759002;Vacances;18.00;24.04.2024;24.04.2024
760001;Heures BAL;73.70;24.04.2024;24.04.2024
760001;Heures SUP;30.00;24.04.2024;24.04.2024
760001;Pont;13.80;24.04.2024;24.04.2024
760001;Unité Piquet;00.00;24.04.2024;24.04.2024
760001;Vacances;42.00;24.04.2024;24.04.2024
764001;Heures BAL;03.63;24.04.2024;24.04.2024
764001;Heures SUP;01.35;24.04.2024;24.04.2024
764001;Pont;14.20;24.04.2024;24.04.2024
764001;Unité Piquet;00.00;24.04.2024;24.04.2024
764001;Vacances;18.00;24.04.2024;24.04.2024
764007;Heures BAL;141.83;24.04.2024;24.04.2024
764007;Heures SUP;04.57;24.04.2024;24.04.2024
764007;Pont;15.00;24.04.2024;24.04.2024
764007;Unité Piquet;00.00;24.04.2024;24.04.2024
764007;Vacances;34.50;24.04.2024;24.04.2024
764008;Heures BAL;44.50;24.04.2024;24.04.2024
764008;Heures SUP;14.95;24.04.2024;24.04.2024
764008;Pont;15.00;24.04.2024;24.04.2024
764008;Unité Piquet;17.00;24.04.2024;24.04.2024
764008;Vacances;26.50;24.04.2024;24.04.2024
775001;Heures BAL;42.60;24.04.2024;24.04.2024
775001;Heures SUP;38.80;24.04.2024;24.04.2024
775001;Pont;14.20;24.04.2024;24.04.2024
775001;Unité Piquet;24.00;24.04.2024;24.04.2024
775001;Vacances;24.00;24.04.2024;24.04.2024
775005;Heures BAL;-02.83;24.04.2024;24.04.2024
775005;Heures SUP;00.00;24.04.2024;24.04.2024
775005;Pont;14.20;24.04.2024;24.04.2024
775005;Unité Piquet;00.00;24.04.2024;24.04.2024
775005;Vacances;21.00;24.04.2024;24.04.2024
775006;Heures BAL;31.17;24.04.2024;24.04.2024
775006;Heures SUP;29.50;24.04.2024;24.04.2024
775006;Pont;14.40;24.04.2024;24.04.2024
775006;Unité Piquet;00.00;24.04.2024;24.04.2024
775006;Vacances;23.50;24.04.2024;24.04.2024
776001;Heures BAL;145.57;24.04.2024;24.04.2024
776001;Heures SUP;35.35;24.04.2024;24.04.2024
776001;Pont;13.40;24.04.2024;24.04.2024
776001;Unité Piquet;00.00;24.04.2024;24.04.2024
776001;Vacances;30.00;24.04.2024;24.04.2024
776002;Heures BAL;16.02;24.04.2024;24.04.2024
776002;Heures SUP;04.10;24.04.2024;24.04.2024
776002;Pont;14.00;24.04.2024;24.04.2024
776002;Unité Piquet;00.00;24.04.2024;24.04.2024
776002;Vacances;28.00;24.04.2024;24.04.2024
777007;Heures BAL;69.73;24.04.2024;24.04.2024
777007;Heures SUP;38.85;24.04.2024;24.04.2024
777007;Pont;14.60;24.04.2024;24.04.2024
777007;Unité Piquet;00.00;24.04.2024;24.04.2024
777007;Vacances;34.00;24.04.2024;24.04.2024
777009;Heures BAL;28.25;24.04.2024;24.04.2024
777009;Heures SUP;00.00;24.04.2024;24.04.2024
777009;Pont;13.38;24.04.2024;24.04.2024
777009;Unité Piquet;00.00;24.04.2024;24.04.2024
777009;Vacances;23.50;24.04.2024;24.04.2024
777010;Heures BAL;92.57;24.04.2024;24.04.2024
777010;Heures SUP;55.12;24.04.2024;24.04.2024
777010;Pont;14.80;24.04.2024;24.04.2024
777010;Unité Piquet;07.00;24.04.2024;24.04.2024
777010;Vacances;29.00;24.04.2024;24.04.2024
777011;Heures BAL;22.53;24.04.2024;24.04.2024
777011;Heures SUP;00.00;24.04.2024;24.04.2024
777011;Pont;14.40;24.04.2024;24.04.2024
777011;Unité Piquet;00.00;24.04.2024;24.04.2024
777011;Vacances;26.00;24.04.2024;24.04.2024
777012;Heures BAL;03.18;24.04.2024;24.04.2024
777012;Heures SUP;00.00;24.04.2024;24.04.2024
777012;Pont;15.80;24.04.2024;24.04.2024
777012;Unité Piquet;00.00;24.04.2024;24.04.2024
777012;Vacances;25.00;24.04.2024;24.04.2024
777013;Heures BAL;01.38;24.04.2024;24.04.2024
777013;Heures SUP;00.00;24.04.2024;24.04.2024
777013;Pont;01.70;24.04.2024;24.04.2024
777013;Unité Piquet;00.00;24.04.2024;24.04.2024
777013;Vacances;22.50;24.04.2024;24.04.2024
778001;Heures BAL;00.00;24.04.2024;24.04.2024
778001;Heures SUP;50.02;24.04.2024;24.04.2024
778001;Pont;00.00;24.04.2024;24.04.2024
778001;Unité Piquet;00.00;24.04.2024;24.04.2024
778001;Vacances;51.50;24.04.2024;24.04.2024
778004;Heures BAL;42.30;24.04.2024;24.04.2024
778004;Heures SUP;08.20;24.04.2024;24.04.2024
778004;Pont;07.10;24.04.2024;24.04.2024
778004;Unité Piquet;00.00;24.04.2024;24.04.2024
778004;Vacances;21.00;24.04.2024;24.04.2024
779001;Heures BAL;139.17;24.04.2024;24.04.2024
779001;Heures SUP;12.37;24.04.2024;24.04.2024
779001;Pont;10.67;24.04.2024;24.04.2024
779001;Unité Piquet;00.00;24.04.2024;24.04.2024
779001;Vacances;11.50;24.04.2024;24.04.2024
784005;Heures BAL;80.55;24.04.2024;24.04.2024
784005;Heures SUP;18.42;24.04.2024;24.04.2024
784005;Pont;13.00;24.04.2024;24.04.2024
784005;Unité Piquet;00.00;24.04.2024;24.04.2024
784005;Vacances;26.00;24.04.2024;24.04.2024
784006;Heures BAL;52.87;24.04.2024;24.04.2024
784006;Heures SUP;25.37;24.04.2024;24.04.2024
784006;Pont;15.60;24.04.2024;24.04.2024
784006;Unité Piquet;28.00;24.04.2024;24.04.2024
784006;Vacances;33.00;24.04.2024;24.04.2024
788001;Heures BAL;162.80;24.04.2024;24.04.2024
788001;Heures SUP;50.00;24.04.2024;24.04.2024
788001;Pont;15.60;24.04.2024;24.04.2024
788001;Unité Piquet;07.00;24.04.2024;24.04.2024
788001;Vacances;26.00;24.04.2024;24.04.2024
788002;Heures BAL;84.70;24.04.2024;24.04.2024
788002;Heures SUP;-08.20;24.04.2024;24.04.2024
788002;Pont;15.20;24.04.2024;24.04.2024
788002;Unité Piquet;00.00;24.04.2024;24.04.2024
788002;Vacances;28.00;24.04.2024;24.04.2024
789007;Heures BAL;07.35;24.04.2024;24.04.2024
789007;Heures SUP;00.00;24.04.2024;24.04.2024
789007;Pont;13.40;24.04.2024;24.04.2024
789007;Unité Piquet;00.00;24.04.2024;24.04.2024
789007;Vacances;18.50;24.04.2024;24.04.2024
790001;Heures BAL;07.92;24.04.2024;24.04.2024
790001;Heures SUP;00.00;24.04.2024;24.04.2024
790001;Pont;12.65;24.04.2024;24.04.2024
790001;Unité Piquet;00.00;24.04.2024;24.04.2024
790001;Vacances;30.00;24.04.2024;24.04.2024
791001;Heures BAL;42.78;24.04.2024;24.04.2024
791001;Heures SUP;00.10;24.04.2024;24.04.2024
791001;Pont;10.50;24.04.2024;24.04.2024
791001;Unité Piquet;00.00;24.04.2024;24.04.2024
791001;Vacances;25.00;24.04.2024;24.04.2024
792002;Heures BAL;73.82;24.04.2024;24.04.2024
792002;Heures SUP;06.15;24.04.2024;24.04.2024
792002;Pont;13.40;24.04.2024;24.04.2024
792002;Unité Piquet;36.00;24.04.2024;24.04.2024
792002;Vacances;21.00;24.04.2024;24.04.2024
793002;Heures BAL;132.05;24.04.2024;24.04.2024
793002;Heures SUP;00.00;24.04.2024;24.04.2024
793002;Pont;14.40;24.04.2024;24.04.2024
793002;Unité Piquet;00.00;24.04.2024;24.04.2024
793002;Vacances;32.00;24.04.2024;24.04.2024
794001;Heures BAL;61.08;24.04.2024;24.04.2024
794001;Heures SUP;10.53;24.04.2024;24.04.2024
794001;Pont;14.60;24.04.2024;24.04.2024
794001;Unité Piquet;36.00;24.04.2024;24.04.2024
794001;Vacances;20.00;24.04.2024;24.04.2024
795001;Heures BAL;37.33;24.04.2024;24.04.2024
795001;Heures SUP;00.00;24.04.2024;24.04.2024
795001;Pont;14.00;24.04.2024;24.04.2024
795001;Unité Piquet;00.00;24.04.2024;24.04.2024
795001;Vacances;22.00;24.04.2024;24.04.2024
796001;Heures BAL;127.17;24.04.2024;24.04.2024
796001;Heures SUP;50.75;24.04.2024;24.04.2024
796001;Pont;05.60;24.04.2024;24.04.2024
796001;Unité Piquet;00.00;24.04.2024;24.04.2024
796001;Vacances;15.50;24.04.2024;24.04.2024
804001;Heures BAL;64.88;24.04.2024;24.04.2024
804001;Heures SUP;20.42;24.04.2024;24.04.2024
804001;Pont;15.60;24.04.2024;24.04.2024
804001;Unité Piquet;56.00;24.04.2024;24.04.2024
804001;Vacances;30.00;24.04.2024;24.04.2024
804002;Heures BAL;04.52;24.04.2024;24.04.2024
804002;Heures SUP;00.85;24.04.2024;24.04.2024
804002;Pont;15.00;24.04.2024;24.04.2024
804002;Unité Piquet;00.00;24.04.2024;24.04.2024
804002;Vacances;29.00;24.04.2024;24.04.2024
810001;Heures BAL;26.47;24.04.2024;24.04.2024
810001;Heures SUP;01.28;24.04.2024;24.04.2024
810001;Pont;14.40;24.04.2024;24.04.2024
810001;Unité Piquet;00.00;24.04.2024;24.04.2024
810001;Vacances;29.00;24.04.2024;24.04.2024
812001;Heures BAL;131.17;24.04.2024;24.04.2024
812001;Heures SUP;49.38;24.04.2024;24.04.2024
812001;Pont;14.20;24.04.2024;24.04.2024
812001;Unité Piquet;60.00;24.04.2024;24.04.2024
812001;Vacances;31.00;24.04.2024;24.04.2024
812002;Heures BAL;167.58;24.04.2024;24.04.2024
812002;Heures SUP;15.37;24.04.2024;24.04.2024
812002;Pont;11.17;24.04.2024;24.04.2024
812002;Unité Piquet;00.00;24.04.2024;24.04.2024
812002;Vacances;17.00;24.04.2024;24.04.2024
812003;Heures BAL;156.85;24.04.2024;24.04.2024
812003;Heures SUP;30.42;24.04.2024;24.04.2024
812003;Pont;14.60;24.04.2024;24.04.2024
812003;Unité Piquet;34.00;24.04.2024;24.04.2024
812003;Vacances;25.50;24.04.2024;24.04.2024
817002;Heures BAL;76.82;24.04.2024;24.04.2024
817002;Heures SUP;08.82;24.04.2024;24.04.2024
817002;Pont;13.60;24.04.2024;24.04.2024
817002;Unité Piquet;53.00;24.04.2024;24.04.2024
817002;Vacances;25.00;24.04.2024;24.04.2024
818002;Heures BAL;51.70;24.04.2024;24.04.2024
818002;Heures SUP;00.00;24.04.2024;24.04.2024
818002;Pont;09.75;24.04.2024;24.04.2024
818002;Unité Piquet;00.00;24.04.2024;24.04.2024
818002;Vacances;40.00;24.04.2024;24.04.2024
821002;Heures BAL;34.70;24.04.2024;24.04.2024
821002;Heures SUP;07.95;24.04.2024;24.04.2024
821002;Pont;14.00;24.04.2024;24.04.2024
821002;Unité Piquet;00.00;24.04.2024;24.04.2024
821002;Vacances;17.00;24.04.2024;24.04.2024
830001;Heures BAL;15.00;24.04.2024;24.04.2024
830001;Heures SUP;01.52;24.04.2024;24.04.2024
830001;Pont;14.60;24.04.2024;24.04.2024
830001;Unité Piquet;00.00;24.04.2024;24.04.2024
830001;Vacances;25.50;24.04.2024;24.04.2024
854002;Heures BAL;01.20;24.04.2024;24.04.2024
854002;Heures SUP;00.00;24.04.2024;24.04.2024
854002;Pont;15.00;24.04.2024;24.04.2024
854002;Unité Piquet;00.00;24.04.2024;24.04.2024
854002;Vacances;14.00;24.04.2024;24.04.2024
874001;Heures BAL;108.42;24.04.2024;24.04.2024
874001;Heures SUP;00.88;24.04.2024;24.04.2024
874001;Pont;15.80;24.04.2024;24.04.2024
874001;Unité Piquet;00.00;24.04.2024;24.04.2024
874001;Vacances;27.00;24.04.2024;24.04.2024
875001;Heures BAL;63.82;24.04.2024;24.04.2024
875001;Heures SUP;-00.03;24.04.2024;24.04.2024
875001;Pont;13.60;24.04.2024;24.04.2024
875001;Unité Piquet;54.00;24.04.2024;24.04.2024
875001;Vacances;34.50;24.04.2024;24.04.2024
875002;Heures BAL;141.65;24.04.2024;24.04.2024
875002;Heures SUP;00.00;24.04.2024;24.04.2024
875002;Pont;14.40;24.04.2024;24.04.2024
875002;Unité Piquet;00.00;24.04.2024;24.04.2024
875002;Vacances;24.00;24.04.2024;24.04.2024
878002;Heures BAL;137.80;24.04.2024;24.04.2024
878002;Heures SUP;05.65;24.04.2024;24.04.2024
878002;Pont;14.40;24.04.2024;24.04.2024
878002;Unité Piquet;00.00;24.04.2024;24.04.2024
878002;Vacances;23.00;24.04.2024;24.04.2024
878003;Heures BAL;04.10;24.04.2024;24.04.2024
878003;Heures SUP;04.50;24.04.2024;24.04.2024
878003;Pont;13.00;24.04.2024;24.04.2024
878003;Unité Piquet;00.00;24.04.2024;24.04.2024
878003;Vacances;20.50;24.04.2024;24.04.2024
879001;Heures BAL;05.98;24.04.2024;24.04.2024
879001;Heures SUP;13.85;24.04.2024;24.04.2024
879001;Pont;14.60;24.04.2024;24.04.2024
879001;Unité Piquet;00.00;24.04.2024;24.04.2024
879001;Vacances;25.00;24.04.2024;24.04.2024
879004;Heures BAL;66.82;24.04.2024;24.04.2024
879004;Heures SUP;00.00;24.04.2024;24.04.2024
879004;Pont;10.95;24.04.2024;24.04.2024
879004;Unité Piquet;00.00;24.04.2024;24.04.2024
879004;Vacances;20.50;24.04.2024;24.04.2024
887005;Heures BAL;58.27;24.04.2024;24.04.2024
887005;Heures SUP;03.35;24.04.2024;24.04.2024
887005;Pont;14.20;24.04.2024;24.04.2024
887005;Unité Piquet;00.00;24.04.2024;24.04.2024
887005;Vacances;23.00;24.04.2024;24.04.2024
888001;Heures BAL;73.67;24.04.2024;24.04.2024
888001;Heures SUP;46.00;24.04.2024;24.04.2024
888001;Pont;13.60;24.04.2024;24.04.2024
888001;Unité Piquet;00.00;24.04.2024;24.04.2024
888001;Vacances;26.00;24.04.2024;24.04.2024
890002;Heures BAL;16.87;24.04.2024;24.04.2024
890002;Heures SUP;04.00;24.04.2024;24.04.2024
890002;Pont;14.00;24.04.2024;24.04.2024
890002;Unité Piquet;00.00;24.04.2024;24.04.2024
890002;Vacances;34.00;24.04.2024;24.04.2024
896001;Heures BAL;-01.33;24.04.2024;24.04.2024
896001;Heures SUP;00.72;24.04.2024;24.04.2024
896001;Pont;14.20;24.04.2024;24.04.2024
896001;Unité Piquet;00.00;24.04.2024;24.04.2024
896001;Vacances;22.00;24.04.2024;24.04.2024
899001;Heures BAL;21.12;24.04.2024;24.04.2024
899001;Heures SUP;00.00;24.04.2024;24.04.2024
899001;Pont;12.22;24.04.2024;24.04.2024
899001;Unité Piquet;00.00;24.04.2024;24.04.2024
899001;Vacances;28.00;24.04.2024;24.04.2024
899002;Heures BAL;42.27;24.04.2024;24.04.2024
899002;Heures SUP;10.00;24.04.2024;24.04.2024
899002;Pont;15.60;24.04.2024;24.04.2024
899002;Unité Piquet;00.00;24.04.2024;24.04.2024
899002;Vacances;30.00;24.04.2024;24.04.2024
899003;Heures BAL;-00.70;24.04.2024;24.04.2024
899003;Heures SUP;00.80;24.04.2024;24.04.2024
899003;Pont;14.20;24.04.2024;24.04.2024
899003;Unité Piquet;00.00;24.04.2024;24.04.2024
899003;Vacances;18.50;24.04.2024;24.04.2024
900001;Heures BAL;-01.45;24.04.2024;24.04.2024
900001;Heures SUP;05.47;24.04.2024;24.04.2024
900001;Pont;14.60;24.04.2024;24.04.2024
900001;Unité Piquet;18.00;24.04.2024;24.04.2024
900001;Vacances;25.50;24.04.2024;24.04.2024
903001;Heures BAL;163.28;24.04.2024;24.04.2024
903001;Heures SUP;19.82;24.04.2024;24.04.2024
903001;Pont;14.20;24.04.2024;24.04.2024
903001;Unité Piquet;00.00;24.04.2024;24.04.2024
903001;Vacances;33.00;24.04.2024;24.04.2024
909002;Heures BAL;97.28;24.04.2024;24.04.2024
909002;Heures SUP;43.42;24.04.2024;24.04.2024
909002;Pont;14.80;24.04.2024;24.04.2024
909002;Unité Piquet;00.00;24.04.2024;24.04.2024
909002;Vacances;23.00;24.04.2024;24.04.2024
909003;Heures BAL;15.05;24.04.2024;24.04.2024
909003;Heures SUP;01.47;24.04.2024;24.04.2024
909003;Pont;13.60;24.04.2024;24.04.2024
909003;Unité Piquet;00.00;24.04.2024;24.04.2024
909003;Vacances;23.00;24.04.2024;24.04.2024
910002;Heures BAL;05.48;24.04.2024;24.04.2024
910002;Heures SUP;50.00;24.04.2024;24.04.2024
910002;Pont;14.40;24.04.2024;24.04.2024
910002;Unité Piquet;00.00;24.04.2024;24.04.2024
910002;Vacances;27.00;24.04.2024;24.04.2024
910003;Heures BAL;20.12;24.04.2024;24.04.2024
910003;Heures SUP;07.77;24.04.2024;24.04.2024
910003;Pont;15.60;24.04.2024;24.04.2024
910003;Unité Piquet;18.00;24.04.2024;24.04.2024
910003;Vacances;30.00;24.04.2024;24.04.2024
912001;Heures BAL;61.48;24.04.2024;24.04.2024
912001;Heures SUP;28.45;24.04.2024;24.04.2024
912001;Pont;15.60;24.04.2024;24.04.2024
912001;Unité Piquet;00.00;24.04.2024;24.04.2024
912001;Vacances;35.00;24.04.2024;24.04.2024
913002;Heures BAL;-09.35;24.04.2024;24.04.2024
913002;Heures SUP;18.58;24.04.2024;24.04.2024
913002;Pont;13.00;24.04.2024;24.04.2024
913002;Unité Piquet;00.00;24.04.2024;24.04.2024
913002;Vacances;32.00;24.04.2024;24.04.2024
913003;Heures BAL;126.78;24.04.2024;24.04.2024
913003;Heures SUP;42.93;24.04.2024;24.04.2024
913003;Pont;15.40;24.04.2024;24.04.2024
913003;Unité Piquet;36.00;24.04.2024;24.04.2024
913003;Vacances;26.00;24.04.2024;24.04.2024
913004;Heures BAL;30.52;24.04.2024;24.04.2024
913004;Heures SUP;00.00;24.04.2024;24.04.2024
913004;Pont;09.60;24.04.2024;24.04.2024
913004;Unité Piquet;00.00;24.04.2024;24.04.2024
913004;Vacances;30.00;24.04.2024;24.04.2024
914002;Heures BAL;155.48;24.04.2024;24.04.2024
914002;Heures SUP;72.75;24.04.2024;24.04.2024
914002;Pont;14.00;24.04.2024;24.04.2024
914002;Unité Piquet;07.00;24.04.2024;24.04.2024
914002;Vacances;38.00;24.04.2024;24.04.2024
919001;Heures BAL;06.80;24.04.2024;24.04.2024
919001;Heures SUP;06.93;24.04.2024;24.04.2024
919001;Pont;15.00;24.04.2024;24.04.2024
919001;Unité Piquet;00.00;24.04.2024;24.04.2024
919001;Vacances;23.50;24.04.2024;24.04.2024
919002;Heures BAL;38.72;24.04.2024;24.04.2024
919002;Heures SUP;47.38;24.04.2024;24.04.2024
919002;Pont;14.00;24.04.2024;24.04.2024
919002;Unité Piquet;00.00;24.04.2024;24.04.2024
919002;Vacances;23.00;24.04.2024;24.04.2024
920004;Heures BAL;36.80;24.04.2024;24.04.2024
920004;Heures SUP;03.30;24.04.2024;24.04.2024
920004;Pont;14.60;24.04.2024;24.04.2024
920004;Unité Piquet;00.00;24.04.2024;24.04.2024
920004;Vacances;23.00;24.04.2024;24.04.2024
920005;Heures BAL;00.00;24.04.2024;24.04.2024
920005;Heures SUP;00.00;24.04.2024;24.04.2024
920005;Pont;00.00;24.04.2024;24.04.2024
920005;Unité Piquet;00.00;24.04.2024;24.04.2024
920005;Vacances;24.50;24.04.2024;24.04.2024
921002;Heures BAL;25.55;24.04.2024;24.04.2024
921002;Heures SUP;01.13;24.04.2024;24.04.2024
921002;Pont;14.80;24.04.2024;24.04.2024
921002;Unité Piquet;17.00;24.04.2024;24.04.2024
921002;Vacances;23.00;24.04.2024;24.04.2024
921004;Heures BAL;-09.47;24.04.2024;24.04.2024
921004;Heures SUP;01.98;24.04.2024;24.04.2024
921004;Pont;10.50;24.04.2024;24.04.2024
921004;Unité Piquet;00.00;24.04.2024;24.04.2024
921004;Vacances;21.50;24.04.2024;24.04.2024
921005;Heures BAL;00.00;24.04.2024;24.04.2024
921005;Heures SUP;00.00;24.04.2024;24.04.2024
921005;Pont;00.00;24.04.2024;24.04.2024
921005;Unité Piquet;00.00;24.04.2024;24.04.2024
921005;Vacances;23.50;24.04.2024;24.04.2024
924004;Heures BAL;31.38;24.04.2024;24.04.2024
924004;Heures SUP;25.40;24.04.2024;24.04.2024
924004;Pont;14.80;24.04.2024;24.04.2024
924004;Unité Piquet;00.00;24.04.2024;24.04.2024
924004;Vacances;26.00;24.04.2024;24.04.2024
924010;Heures BAL;36.37;24.04.2024;24.04.2024
924010;Heures SUP;52.50;24.04.2024;24.04.2024
924010;Pont;14.20;24.04.2024;24.04.2024
924010;Unité Piquet;17.00;24.04.2024;24.04.2024
924010;Vacances;31.00;24.04.2024;24.04.2024
924011;Heures BAL;51.78;24.04.2024;24.04.2024
924011;Heures SUP;46.00;24.04.2024;24.04.2024
924011;Pont;15.00;24.04.2024;24.04.2024
924011;Unité Piquet;00.00;24.04.2024;24.04.2024
924011;Vacances;35.50;24.04.2024;24.04.2024
924012;Heures BAL;-20.52;24.04.2024;24.04.2024
924012;Heures SUP;-39.33;24.04.2024;24.04.2024
924012;Pont;14.60;24.04.2024;24.04.2024
924012;Unité Piquet;54.00;24.04.2024;24.04.2024
924012;Vacances;3.50;24.04.2024;24.04.2024
924018;Heures BAL;00.00;24.04.2024;24.04.2024
924018;Heures SUP;00.00;24.04.2024;24.04.2024
924018;Pont;00.00;24.04.2024;24.04.2024
924018;Unité Piquet;00.00;24.04.2024;24.04.2024
924018;Vacances;30.00;24.04.2024;24.04.2024
924019;Heures BAL;67.88;24.04.2024;24.04.2024
924019;Heures SUP;06.68;24.04.2024;24.04.2024
924019;Pont;14.40;24.04.2024;24.04.2024
924019;Unité Piquet;00.00;24.04.2024;24.04.2024
924019;Vacances;20.00;24.04.2024;24.04.2024
925003;Heures BAL;21.02;24.04.2024;24.04.2024
925003;Heures SUP;20.22;24.04.2024;24.04.2024
925003;Pont;14.00;24.04.2024;24.04.2024
925003;Unité Piquet;00.00;24.04.2024;24.04.2024
925003;Vacances;32.00;24.04.2024;24.04.2024
937002;Heures BAL;35.20;24.04.2024;24.04.2024
937002;Heures SUP;15.02;24.04.2024;24.04.2024
937002;Pont;14.40;24.04.2024;24.04.2024
937002;Unité Piquet;00.00;24.04.2024;24.04.2024
937002;Vacances;31.50;24.04.2024;24.04.2024
951001;Heures BAL;72.65;24.04.2024;24.04.2024
951001;Heures SUP;10.28;24.04.2024;24.04.2024
951001;Pont;14.60;24.04.2024;24.04.2024
951001;Unité Piquet;00.00;24.04.2024;24.04.2024
951001;Vacances;20.00;24.04.2024;24.04.2024
962002;Heures BAL;-01.30;24.04.2024;24.04.2024
962002;Heures SUP;00.00;24.04.2024;24.04.2024
962002;Pont;14.40;24.04.2024;24.04.2024
962002;Unité Piquet;00.00;24.04.2024;24.04.2024
962002;Vacances;24.00;24.04.2024;24.04.2024
977001;Heures BAL;120.43;24.04.2024;24.04.2024
977001;Heures SUP;70.70;24.04.2024;24.04.2024
977001;Pont;15.20;24.04.2024;24.04.2024
977001;Unité Piquet;17.00;24.04.2024;24.04.2024
977001;Vacances;31.00;24.04.2024;24.04.2024
979001;Heures BAL;-22.95;24.04.2024;24.04.2024
979001;Heures SUP;00.00;24.04.2024;24.04.2024
979001;Pont;15.00;24.04.2024;24.04.2024
979001;Unité Piquet;00.00;24.04.2024;24.04.2024
979001;Vacances;15.50;24.04.2024;24.04.2024
995001;Heures BAL;02.57;24.04.2024;24.04.2024
995001;Heures SUP;00.93;24.04.2024;24.04.2024
995001;Pont;14.80;24.04.2024;24.04.2024
995001;Unité Piquet;00.00;24.04.2024;24.04.2024
995001;Vacances;21.50;24.04.2024;24.04.2024
997001;Heures BAL;00.00;24.04.2024;24.04.2024
997001;Heures SUP;00.00;24.04.2024;24.04.2024
997001;Pont;00.00;24.04.2024;24.04.2024
997001;Unité Piquet;00.00;24.04.2024;24.04.2024
997001;Vacances;33.00;24.04.2024;24.04.2024
